,labID,MS51 genos,missing.x,MS45 genos,missing.y,all.runs genos,missing.x.x,all.miseq.runs genos,missing.y.y
301,z0005757,NA,NA,185,183,NA,NA,185,183
302,z0005758,NA,NA,235,133,NA,NA,235,133
607,z0009880,NA,NA,NA,NA,128,240,NA,NA
608,z0011162,NA,NA,NA,NA,270,98,NA,NA
1,z0011944,328,40,NA,NA,332,36,328,40
609,z0012201,NA,NA,NA,NA,294,74,NA,NA
303,z0012701,NA,NA,303,65,321,47,303,65
304,z0012702,NA,NA,221,147,297,71,221,147
305,z0016577,NA,NA,262,106,NA,NA,262,106
2,z0016578,286,82,NA,NA,286,82,286,82
306,z0016579,NA,NA,327,41,269,99,327,41
610,z0017317,NA,NA,NA,NA,280,88,NA,NA
3,z0018264,329,39,NA,NA,334,34,329,39
307,z0025405,NA,NA,1,367,1,367,1,367
611,z0025439,NA,NA,NA,NA,302,66,NA,NA
308,z0029828,NA,NA,171,197,72,296,171,197
4,z0029829,300,68,NA,NA,300,68,300,68
5,z0029831,98,270,NA,NA,98,270,98,270
6,z0029833,332,36,NA,NA,334,34,332,36
7,z0029846,1,367,NA,NA,307,61,172,196
8,z0029846b,127,241,NA,NA,NA,NA,NA,NA
309,z0029860,NA,NA,114,254,186,182,114,254
310,z0029861,NA,NA,20,348,NA,NA,20,348
9,z0029863,203,165,NA,NA,252,116,203,165
10,z0029864,277,91,NA,NA,322,46,277,91
311,z0029865,NA,NA,306,62,NA,NA,306,62
312,z0029866,NA,NA,3,365,NA,NA,3,365
612,z0030424,NA,NA,NA,NA,274,94,NA,NA
613,z0030475,NA,NA,NA,NA,274,94,NA,NA
614,z0032258,NA,NA,NA,NA,286,82,NA,NA
313,z0037607,NA,NA,326,42,NA,NA,326,42
314,z0037609,NA,NA,284,84,NA,NA,283,85
315,z0037610,NA,NA,19,349,1,367,19,349
11,z0037611,139,229,NA,NA,139,229,139,229
12,z0037624,228,140,NA,NA,294,74,228,140
316,z0040275,NA,NA,226,142,303,65,226,142
317,z0040287,NA,NA,325,43,257,111,325,43
318,z0040308,NA,NA,1,367,207,161,1,367
319,z0040333,NA,NA,329,39,300,68,329,39
13,z0040334,324,44,NA,NA,327,41,324,44
615,z0040337,NA,NA,NA,NA,321,47,NA,NA
14,z0040345,282,86,NA,NA,333,35,326,42
15,z0040345b,323,45,NA,NA,NA,NA,NA,NA
320,z0040357,NA,NA,323,45,237,131,323,45
16,z0040363,292,76,NA,NA,295,73,292,76
321,z0040364,NA,NA,334,34,277,91,334,34
616,z0040387,NA,NA,NA,NA,180,188,NA,NA
322,z0040403,NA,NA,11,357,301,67,11,357
617,z0040413,NA,NA,NA,NA,227,141,NA,NA
323,z0040439,NA,NA,337,31,245,123,337,31
618,z0040451,NA,NA,NA,NA,1,367,NA,NA
324,z0040465,NA,NA,229,139,254,114,229,139
325,z0040513,NA,NA,262,106,252,116,304,64
326,z0040513b,NA,NA,2,366,NA,NA,NA,NA
619,z0040957,NA,NA,NA,NA,87,281,NA,NA
327,z0040960,NA,NA,25,343,1,367,32,336
328,z0040961,NA,NA,316,52,NA,NA,316,52
329,z0040985,NA,NA,4,364,297,71,4,364
330,z0041026,NA,NA,336,32,1,367,336,32
331,z0041051,NA,NA,243,125,226,142,243,125
620,z0041072,NA,NA,NA,NA,8,360,NA,NA
332,z0041115,NA,NA,320,48,NA,NA,320,48
333,z0041145,NA,NA,1,367,15,353,1,367
621,z0041153,NA,NA,NA,NA,275,93,NA,NA
334,z0041233,NA,NA,325,43,195,173,325,43
335,z0041243,NA,NA,193,175,211,157,193,175
336,z0041248,NA,NA,175,193,1,367,179,189
337,z0041250,NA,NA,178,190,223,145,178,190
338,z0041274,NA,NA,47,321,173,195,47,321
339,z0041465,NA,NA,254,114,266,102,254,114
340,z0041472,NA,NA,323,45,35,333,332,36
341,z0041472b,NA,NA,326,42,NA,NA,NA,NA
342,z0041480,NA,NA,315,53,162,206,315,53
343,z0041483,NA,NA,336,32,271,97,336,32
344,z0041494,NA,NA,146,222,294,74,146,222
345,z0041498,NA,NA,331,37,276,92,331,37
346,z0041501,NA,NA,329,39,215,153,329,39
347,z0041507,NA,NA,322,46,178,190,322,46
348,z0041512,NA,NA,337,31,289,79,337,31
622,z0041519,NA,NA,NA,NA,271,97,NA,NA
623,z0041521,NA,NA,NA,NA,108,260,NA,NA
349,z0041522,NA,NA,313,55,NA,NA,313,55
717,z0041526,NA,NA,NA,NA,NA,NA,1,367
350,z0041526b,NA,NA,1,367,NA,NA,NA,NA
351,z0041527,NA,NA,285,83,239,129,285,83
624,z0042288,NA,NA,NA,NA,240,128,NA,NA
352,z0043243,NA,NA,157,211,1,367,157,211
353,z0043278,NA,NA,252,116,NA,NA,252,116
625,z0043464,NA,NA,NA,NA,1,367,NA,NA
354,z0043475,NA,NA,281,87,199,169,302,66
355,z0043475b,NA,NA,216,152,NA,NA,NA,NA
356,z0043477,NA,NA,337,31,289,79,337,31
357,z0043478,NA,NA,326,42,151,217,326,42
358,z0043481,NA,NA,334,34,278,90,334,34
359,z0043487,NA,NA,33,335,3,365,33,335
360,z0043488,NA,NA,76,292,1,367,76,292
361,z0043489,NA,NA,244,124,1,367,253,115
362,z0043491,NA,NA,84,284,302,66,84,284
363,z0043493,NA,NA,329,39,1,367,329,39
364,z0043494,NA,NA,241,127,NA,NA,241,127
365,z0043496,NA,NA,104,264,166,202,104,264
366,z0043498,NA,NA,64,304,112,256,64,304
367,z0043504,NA,NA,1,367,316,52,1,367
368,z0043513,NA,NA,71,297,NA,NA,71,297
369,z0043526,NA,NA,319,49,263,105,319,49
626,z0043566,NA,NA,NA,NA,207,161,NA,NA
370,z0043572,NA,NA,336,32,278,90,336,32
371,z0043599,NA,NA,127,241,1,367,127,241
372,z0043627,NA,NA,101,267,NA,NA,101,267
373,z0043631,NA,NA,1,367,NA,NA,1,367
374,z0043642,NA,NA,331,37,253,115,331,37
375,z0043649,NA,NA,327,41,275,93,327,41
376,z0043650,NA,NA,254,114,NA,NA,254,114
377,z0043652,NA,NA,329,39,NA,NA,329,39
378,z0043668,NA,NA,6,362,169,199,6,362
379,z0043674,NA,NA,238,130,NA,NA,238,130
627,z0043686,NA,NA,NA,NA,30,338,NA,NA
628,z0043693,NA,NA,NA,NA,270,98,NA,NA
629,z0043704,NA,NA,NA,NA,27,341,NA,NA
380,z0043747,NA,NA,1,367,NA,NA,1,367
630,z0043765,NA,NA,NA,NA,1,367,NA,NA
381,z0043789,NA,NA,4,364,NA,NA,4,364
382,z0043807,NA,NA,331,37,NA,NA,331,37
383,z0043819,NA,NA,1,367,181,187,1,367
384,z0043839,NA,NA,116,252,259,109,291,77
385,z0043876,NA,NA,140,228,312,56,140,228
386,z0043877,NA,NA,288,80,NA,NA,288,80
387,z0043891,NA,NA,196,172,257,111,196,172
388,z0043898,NA,NA,6,362,NA,NA,6,362
389,z0043904,NA,NA,4,364,NA,NA,4,364
390,z0043915,NA,NA,297,71,NA,NA,297,71
391,z0043940,NA,NA,258,110,291,77,263,105
392,z0043954,NA,NA,335,33,NA,NA,335,33
393,z0043966,NA,NA,313,55,222,146,313,55
631,z0043979,NA,NA,NA,NA,2,366,NA,NA
394,z0043980,NA,NA,336,32,250,118,336,32
395,z0043994,NA,NA,160,208,NA,NA,258,110
396,z0043994b,NA,NA,236,132,NA,NA,NA,NA
397,z0044017,NA,NA,305,63,168,200,305,63
398,z0044019,NA,NA,309,59,1,367,309,59
399,z0044023,NA,NA,1,367,234,134,1,367
400,z0044033,NA,NA,230,138,5,363,230,138
401,z0044042,NA,NA,321,47,147,221,321,47
402,z0044044,NA,NA,3,365,NA,NA,3,365
403,z0044047,NA,NA,283,85,NA,NA,283,85
404,z0044059,NA,NA,33,335,NA,NA,33,335
405,z0044064,NA,NA,266,102,283,85,266,102
406,z0044432,NA,NA,261,107,14,354,261,107
407,z0045326,NA,NA,333,35,266,102,333,35
17,z0045329,333,35,NA,NA,334,34,333,35
18,z0045331,309,59,NA,NA,324,44,322,46
19,z0045332,322,46,NA,NA,328,40,322,46
20,z0045333,263,105,NA,NA,321,47,263,105
21,z0045337,321,47,NA,NA,321,47,321,47
22,z0045342,304,64,NA,NA,304,64,304,64
408,z0045344,NA,NA,2,366,NA,NA,2,366
409,z0045347,NA,NA,3,365,144,224,3,365
23,z0045350,328,40,NA,NA,330,38,330,38
24,z0045350b,328,40,NA,NA,NA,NA,NA,NA
410,z0045352,NA,NA,326,42,221,147,326,42
25,z0045357,330,38,NA,NA,331,37,330,38
26,z0045358,321,47,NA,NA,327,41,321,47
411,z0045371,NA,NA,323,45,245,123,323,45
412,z0045398,NA,NA,259,109,1,367,259,109
413,z0045399,NA,NA,324,44,NA,NA,324,44
27,z0045401,17,351,NA,NA,265,103,282,86
414,z0045404,NA,NA,329,39,1,367,329,39
632,z0045405,NA,NA,NA,NA,320,48,320,48
415,z0045407,NA,NA,107,261,NA,NA,107,261
416,z0045719,NA,NA,332,36,226,142,332,36
417,z0045720,NA,NA,325,43,196,172,325,43
418,z0045728,NA,NA,330,38,279,89,330,38
419,z0045731,NA,NA,327,41,300,68,327,41
420,z0045733,NA,NA,328,40,194,174,328,40
421,z0045736,NA,NA,329,39,1,367,329,39
422,z0045739,NA,NA,325,43,NA,NA,325,43
423,z0045740,NA,NA,327,41,192,176,327,41
424,z0045741,NA,NA,329,39,5,363,329,39
425,z0045742,NA,NA,329,39,NA,NA,329,39
426,z0045776,NA,NA,331,37,198,170,330,38
427,z0045776b,NA,NA,327,41,NA,NA,NA,NA
428,z0045779,NA,NA,325,43,291,77,325,43
429,z0045781,NA,NA,331,37,110,258,331,37
633,z0045788,NA,NA,NA,NA,323,45,NA,NA
634,z0045789,NA,NA,NA,NA,326,42,NA,NA
635,z0045791,NA,NA,NA,NA,319,49,NA,NA
28,z0045792,49,319,NA,NA,276,92,49,319
430,z0045793,NA,NA,330,38,244,124,330,38
431,z0047562,NA,NA,293,75,150,218,293,75
432,z0047587,NA,NA,1,367,NA,NA,1,367
433,z0047601,NA,NA,1,367,NA,NA,1,367
434,z0047603,NA,NA,1,367,1,367,1,367
435,z0047854,NA,NA,289,79,325,43,329,39
436,z0049019,NA,NA,322,46,96,272,322,46
437,z0049020,NA,NA,328,40,268,100,328,40
29,z0051185,322,46,NA,NA,332,36,322,46
30,z0051324,86,282,NA,NA,323,45,203,165
31,z0051324b,143,225,NA,NA,NA,NA,NA,NA
32,z0051326,268,100,NA,NA,268,100,268,100
438,z0051327,NA,NA,324,44,74,294,324,44
33,z0051328,67,301,NA,NA,67,301,67,301
34,z0051380,108,260,NA,NA,270,98,108,260
439,z0051399,NA,NA,2,366,NA,NA,2,366
440,z0051400,NA,NA,329,39,310,58,331,37
441,z0051400b,NA,NA,331,37,NA,NA,NA,NA
636,z0051402,NA,NA,NA,NA,337,31,335,33
35,z0051402b,335,33,NA,NA,NA,NA,NA,NA
36,z0051404,316,52,NA,NA,316,52,316,52
37,z0051405,3,365,NA,NA,28,340,3,365
442,z0051431,NA,NA,28,340,276,92,28,340
443,z0051447,NA,NA,1,367,NA,NA,1,367
637,z0051816,NA,NA,NA,NA,62,306,NA,NA
638,z0051840,NA,NA,NA,NA,261,107,NA,NA
639,z0051844,NA,NA,NA,NA,263,105,NA,NA
444,z0051875,NA,NA,220,148,NA,NA,220,148
445,z0051885,NA,NA,318,50,NA,NA,318,50
446,z0051888,NA,NA,1,367,NA,NA,329,39
447,z0051888b,NA,NA,329,39,NA,NA,NA,NA
38,z0051891,324,44,NA,NA,328,40,324,44
39,z0051893,323,45,NA,NA,323,45,323,45
448,z0051895,NA,NA,257,111,NA,NA,257,111
40,z0051898,327,41,NA,NA,332,36,327,41
41,z0051899,320,48,NA,NA,320,48,320,48
449,z0051906,NA,NA,9,359,NA,NA,9,359
450,z0051918,NA,NA,256,112,NA,NA,256,112
42,z0051929,183,185,NA,NA,183,185,183,185
451,z0051932,NA,NA,1,367,NA,NA,1,367
640,z0051939,NA,NA,NA,NA,304,64,NA,NA
43,z0051945,1,367,NA,NA,1,367,1,367
44,z0051947,324,44,NA,NA,324,44,324,44
452,z0051959,NA,NA,65,303,1,367,65,303
453,z0051966,NA,NA,7,361,NA,NA,7,361
45,z0051968,321,47,NA,NA,321,47,321,47
454,z0052846,NA,NA,327,41,5,363,327,41
455,z0052882,NA,NA,327,41,NA,NA,327,41
456,z0053020,NA,NA,275,93,161,207,275,93
457,z0053024,NA,NA,302,66,157,211,302,66
458,z0053025,NA,NA,1,367,172,196,1,367
459,z0053031,NA,NA,329,39,154,214,329,39
460,z0053032,NA,NA,321,47,307,61,321,47
461,z0053040,NA,NA,313,55,194,174,313,55
462,z0053051,NA,NA,328,40,NA,NA,328,40
463,z0053054,NA,NA,320,48,NA,NA,320,48
46,z0053055,54,314,NA,NA,100,268,54,314
464,z0053071,NA,NA,323,45,275,93,323,45
465,z0053073,NA,NA,322,46,255,113,322,46
466,z0053078,NA,NA,325,43,264,104,328,40
467,z0053078b,NA,NA,308,60,NA,NA,NA,NA
468,z0053082,NA,NA,8,360,24,344,16,352
469,z0053082b,NA,NA,1,367,NA,NA,NA,NA
470,z0053083,NA,NA,283,85,262,106,283,85
471,z0053090,NA,NA,291,77,181,187,299,69
472,z0053090b,NA,NA,191,177,NA,NA,NA,NA
473,z0053096,NA,NA,254,114,121,247,254,114
474,z0053100,NA,NA,281,87,310,58,314,54
475,z0053101,NA,NA,199,169,145,223,199,169
476,z0053102,NA,NA,308,60,141,227,308,60
477,z0053103,NA,NA,327,41,142,226,327,41
478,z0053111,NA,NA,321,47,234,134,325,43
479,z0053111b,NA,NA,286,82,NA,NA,NA,NA
480,z0053131,NA,NA,329,39,198,170,329,39
481,z0053132,NA,NA,330,38,NA,NA,330,38
482,z0053133,NA,NA,181,187,1,367,181,187
483,z0053138,NA,NA,171,197,221,147,171,197
484,z0053142,NA,NA,322,46,254,114,322,46
485,z0053149,NA,NA,95,273,12,356,95,273
47,z0053754,326,42,NA,NA,326,42,326,42
48,z0053756,15,353,NA,NA,15,353,15,353
641,z0053757,NA,NA,NA,NA,222,146,221,147
49,z0053757b,210,158,NA,NA,NA,NA,NA,NA
50,z0053758,274,94,NA,NA,295,73,274,94
51,z0053759,328,40,NA,NA,335,33,328,40
52,z0053760,142,226,NA,NA,189,179,142,226
53,z0053842,68,300,NA,NA,268,100,68,300
54,z0053843,319,49,NA,NA,319,49,319,49
55,z0053844,303,65,NA,NA,320,48,303,65
56,z0053845,50,318,NA,NA,50,318,50,318
57,z0053846,1,367,NA,NA,212,156,1,367
58,z0053847,325,43,NA,NA,327,41,325,43
59,z0053849,324,44,NA,NA,330,38,324,44
486,z0055903,NA,NA,327,41,311,57,328,40
642,z0055908,NA,NA,NA,NA,21,347,NA,NA
643,z0055909,NA,NA,NA,NA,192,176,NA,NA
644,z0055910,NA,NA,NA,NA,246,122,NA,NA
487,z0055912,NA,NA,310,58,262,106,310,58
488,z0055916,NA,NA,294,74,4,364,294,74
489,z0055931,NA,NA,315,53,297,71,320,48
645,z0055932,NA,NA,NA,NA,16,352,NA,NA
646,z0055936,NA,NA,NA,NA,126,242,NA,NA
490,z0055944,NA,NA,320,48,29,339,320,48
647,z0055947,NA,NA,NA,NA,309,59,NA,NA
648,z0055948,NA,NA,NA,NA,135,233,NA,NA
649,z0055957,NA,NA,NA,NA,155,213,NA,NA
491,z0055962,NA,NA,286,82,311,57,286,82
650,z0055963,NA,NA,NA,NA,286,82,NA,NA
651,z0055965,NA,NA,NA,NA,269,99,NA,NA
652,z0055970,NA,NA,NA,NA,303,65,NA,NA
492,z0055971,NA,NA,320,48,NA,NA,320,48
493,z0055977,NA,NA,287,81,296,72,287,81
653,z0055986,NA,NA,NA,NA,290,78,NA,NA
654,z0055990,NA,NA,NA,NA,319,49,NA,NA
494,z0055996,NA,NA,324,44,175,193,324,44
495,z0055997,NA,NA,322,46,179,189,322,46
496,z0055998,NA,NA,321,47,169,199,321,47
497,z0055999,NA,NA,325,43,10,358,325,43
655,z0056010,NA,NA,NA,NA,1,367,NA,NA
656,z0056011,NA,NA,NA,NA,314,54,NA,NA
657,z0056029,NA,NA,NA,NA,323,45,NA,NA
498,z0056034,NA,NA,125,243,166,202,125,243
499,z0056056,NA,NA,249,119,208,160,249,119
658,z0056058,NA,NA,NA,NA,319,49,NA,NA
500,z0056059,NA,NA,284,84,293,75,284,84
501,z0056062,NA,NA,326,42,304,64,326,42
659,z0056063,NA,NA,NA,NA,321,47,NA,NA
660,z0056064,NA,NA,NA,NA,227,141,NA,NA
502,z0056065,NA,NA,1,367,226,142,1,367
503,z0056069,NA,NA,36,332,169,199,36,332
661,z0056073,NA,NA,NA,NA,232,136,NA,NA
662,z0056076,NA,NA,NA,NA,321,47,NA,NA
663,z0056079,NA,NA,NA,NA,307,61,NA,NA
664,z0056081,NA,NA,NA,NA,2,366,NA,NA
665,z0056082,NA,NA,NA,NA,72,296,NA,NA
666,z0056083,NA,NA,NA,NA,1,367,NA,NA
504,z0056085,NA,NA,324,44,298,70,324,44
505,z0056089,NA,NA,51,317,9,359,51,317
667,z0056090,NA,NA,NA,NA,1,367,NA,NA
506,z0056092,NA,NA,327,41,3,365,327,41
668,z0056093,NA,NA,NA,NA,1,367,NA,NA
507,z0056095,NA,NA,322,46,287,81,322,46
669,z0056102,NA,NA,NA,NA,1,367,NA,NA
670,z0056103,NA,NA,NA,NA,315,53,NA,NA
671,z0056106,NA,NA,NA,NA,1,367,NA,NA
672,z0056111,NA,NA,NA,NA,1,367,NA,NA
673,z0056337,NA,NA,NA,NA,202,166,NA,NA
60,z0056374,214,154,NA,NA,215,153,214,154
61,z0056375,326,42,NA,NA,333,35,326,42
62,z0056377,327,41,NA,NA,331,37,327,41
63,z0056378,321,47,NA,NA,331,37,325,43
64,z0056378b,319,49,NA,NA,NA,NA,NA,NA
65,z0056380,3,365,NA,NA,3,365,3,365
66,z0056382,321,47,NA,NA,332,36,321,47
67,z0056384,326,42,NA,NA,326,42,326,42
68,z0056386,306,62,NA,NA,313,55,306,62
69,z0056389,181,187,NA,NA,233,135,181,187
70,z0056391,329,39,NA,NA,329,39,329,39
71,z0056392,286,82,NA,NA,310,58,309,59
72,z0056393,315,53,NA,NA,315,53,315,53
73,z0056394,327,41,NA,NA,328,40,327,41
74,z0056395,295,73,NA,NA,331,37,295,73
75,z0056396,1,367,NA,NA,1,367,1,367
76,z0056397,330,38,NA,NA,330,38,330,38
77,z0056399,323,45,NA,NA,330,38,323,45
508,z0061527,NA,NA,20,348,NA,NA,20,348
509,z0061967,NA,NA,329,39,310,58,329,39
510,z0061969,NA,NA,1,367,232,136,1,367
78,z0061976,2,366,NA,NA,2,366,2,366
511,z0061978,NA,NA,4,364,NA,NA,4,364
79,z0061980,325,43,NA,NA,333,35,325,43
674,z0062886,NA,NA,NA,NA,291,77,NA,NA
675,z0063092,NA,NA,NA,NA,326,42,NA,NA
676,z0063269,NA,NA,NA,NA,138,230,NA,NA
677,z0063273,NA,NA,NA,NA,191,177,NA,NA
678,z0063275,NA,NA,NA,NA,139,229,NA,NA
679,z0063304,NA,NA,NA,NA,3,365,NA,NA
680,z0063328,NA,NA,NA,NA,155,213,NA,NA
681,z0063342,NA,NA,NA,NA,68,300,NA,NA
682,z0066166,NA,NA,NA,NA,329,39,NA,NA
80,z0066792,1,367,NA,NA,329,39,328,40
81,z0066792b,328,40,NA,NA,NA,NA,NA,NA
683,z0066805,NA,NA,NA,NA,183,185,NA,NA
684,z0067213,NA,NA,NA,NA,302,66,NA,NA
685,z0068471,NA,NA,NA,NA,326,42,NA,NA
512,z0075696,NA,NA,310,58,233,135,314,54
686,z0100814,NA,NA,NA,NA,184,184,NA,NA
687,z0101084,NA,NA,NA,NA,317,51,NA,NA
82,z0107055,330,38,NA,NA,330,38,330,38
83,z0107073,331,37,NA,NA,336,32,331,37
84,z0107078,142,226,NA,NA,143,225,142,226
85,z0107080,319,49,NA,NA,330,38,319,49
688,z0107099,NA,NA,NA,NA,329,39,NA,NA
86,z0107101,318,50,NA,NA,335,33,318,50
87,z0108480,324,44,NA,NA,327,41,324,44
88,z0108489,277,91,NA,NA,331,37,277,91
513,z0108494,NA,NA,9,359,1,367,9,359
89,z0108508,307,61,NA,NA,329,39,329,39
90,z0108508b,325,43,NA,NA,NA,NA,NA,NA
689,z0108510,NA,NA,NA,NA,28,340,NA,NA
91,z0108513,14,354,NA,NA,254,114,14,354
514,z0108516,NA,NA,1,367,1,367,1,367
515,z0113619,NA,NA,17,351,NA,NA,17,351
516,z0113628,NA,NA,2,366,NA,NA,3,365
517,z0113628b,NA,NA,1,367,NA,NA,NA,NA
92,z0133302,298,70,NA,NA,299,69,298,70
690,z0145401,NA,NA,NA,NA,215,153,NA,NA
691,z0160234,NA,NA,NA,NA,1,367,NA,NA
93,z0173485,323,45,NA,NA,333,35,323,45
518,z0174005,NA,NA,313,55,NA,NA,313,55
519,z0175351,NA,NA,1,367,NA,NA,1,367
520,z0175371,NA,NA,323,45,304,64,324,44
94,z0175377,325,43,NA,NA,325,43,325,43
692,z0175378,NA,NA,NA,NA,193,175,3,365
521,z0175378b,NA,NA,2,366,NA,NA,NA,NA
95,z0175912,39,329,NA,NA,49,319,39,329
96,z0175915,197,171,NA,NA,202,166,197,171
97,z0175916,214,154,NA,NA,216,152,214,154
98,z0175927,233,135,NA,NA,231,137,233,135
99,z0175928,326,42,NA,NA,326,42,326,42
100,z0175937,316,52,NA,NA,329,39,329,39
101,z0175937b,325,43,NA,NA,NA,NA,NA,NA
522,z0175950,NA,NA,316,52,210,158,316,52
102,z0178294,1,367,NA,NA,2,366,1,367
103,z0178296,1,367,NA,NA,323,45,1,367
104,z0178348,309,59,NA,NA,310,58,309,59
105,z0187811,15,353,NA,NA,16,352,15,353
693,z0187819,NA,NA,NA,NA,314,54,NA,NA
106,z0187842,327,41,NA,NA,331,37,327,41
107,z0187846,1,367,NA,NA,325,43,1,367
108,z0187857,1,367,NA,NA,255,113,257,111
109,z0187859,223,145,NA,NA,224,144,223,145
110,z0187860,329,39,NA,NA,332,36,332,36
111,z0187860b,331,37,NA,NA,NA,NA,NA,NA
112,z0187868,57,311,NA,NA,298,70,292,76
113,z0187868b,291,77,NA,NA,NA,NA,NA,NA
523,z0187885,NA,NA,1,367,319,49,325,43
524,z0187885b,NA,NA,325,43,NA,NA,NA,NA
114,z0187906,309,59,NA,NA,309,59,309,59
115,z0187911,1,367,NA,NA,185,183,1,367
116,z0195258,65,303,256,112,69,299,265,103
694,z0195642,NA,NA,NA,NA,2,366,NA,NA
117,z0195643,40,328,227,141,48,320,237,131
118,z0195644,321,47,295,73,322,46,329,39
119,z0195645,1,367,1,367,1,367,1,367
525,z0195646,NA,NA,13,355,NA,NA,17,351
120,z0195647,1,367,199,169,1,367,203,165
121,z0195648,6,362,90,278,101,267,95,273
122,z0195650,142,226,282,86,206,162,293,75
123,z0195651,223,145,291,77,224,144,314,54
124,z0195653,1,367,87,281,64,304,135,233
125,z0195653b,39,329,NA,NA,NA,NA,NA,NA
695,z0195655,NA,NA,NA,NA,171,197,NA,NA
526,z0195656,NA,NA,1,367,1,367,1,367
126,z0195657,58,310,228,140,59,309,234,134
127,z0195659,53,315,228,140,53,315,238,130
527,z0195662,NA,NA,1,367,46,322,1,367
696,z0195663,NA,NA,NA,NA,191,177,NA,NA
128,z0195664,1,367,104,264,1,367,111,257
129,z0195665,1,367,17,351,106,262,25,343
130,z0195667,186,182,283,85,191,177,305,63
131,z0195668,86,282,251,117,86,282,261,107
132,z0195669,1,367,52,316,1,367,54,314
133,z0195670,1,367,107,261,2,366,115,253
134,z0195671,1,367,130,238,5,363,132,236
135,z0195672,1,367,73,295,1,367,77,291
136,z0195673,49,319,236,132,54,314,248,120
137,z0195674,1,367,4,364,118,250,5,363
138,z0195675,3,365,172,196,4,364,176,192
139,z0195677,189,179,270,98,192,176,280,88
140,z0195678,1,367,119,249,2,366,127,241
141,z0195679,1,367,22,346,1,367,24,344
528,z0195680,NA,NA,39,329,1,367,40,328
142,z0195681,1,367,27,341,8,360,29,339
143,z0195682,1,367,172,196,81,287,175,193
697,z0195683,NA,NA,NA,NA,212,156,NA,NA
144,z0195684,2,366,103,265,2,366,106,262
698,z0195686,NA,NA,NA,NA,1,367,NA,NA
529,z0195687,NA,NA,42,326,276,92,42,326
699,z0195688,NA,NA,NA,NA,205,163,NA,NA
145,z0195689,127,241,NA,NA,154,214,127,241
700,z0195690,NA,NA,NA,NA,1,367,NA,NA
530,z0195691,NA,NA,63,305,9,359,63,305
146,z0195693,1,367,NA,NA,192,176,1,367
531,z0195694,NA,NA,1,367,1,367,1,367
701,z0195695,NA,NA,NA,NA,66,302,NA,NA
702,z0195696,NA,NA,NA,NA,323,45,NA,NA
147,z0195697,305,63,NA,NA,322,46,305,63
532,z0195699,NA,NA,328,40,292,76,328,40
148,z0195700,322,46,NA,NA,325,43,322,46
533,z0195701,NA,NA,301,67,245,123,301,67
534,z0195702,NA,NA,330,38,216,152,330,38
149,z0195703,323,45,NA,NA,328,40,323,45
535,z0195704,NA,NA,329,39,191,177,329,39
536,z0195705,NA,NA,231,137,45,323,231,137
150,z0195706,328,40,NA,NA,328,40,328,40
151,z0195707,328,40,NA,NA,331,37,328,40
152,z0195708,329,39,NA,NA,331,37,329,39
153,z0195709,330,38,NA,NA,330,38,330,38
154,z0195710,328,40,NA,NA,330,38,328,40
537,z0195711,NA,NA,327,41,294,74,327,41
155,z0195712,328,40,NA,NA,328,40,328,40
156,z0195713,334,34,NA,NA,336,32,336,32
157,z0195713b,330,38,NA,NA,NA,NA,NA,NA
158,z0195714,327,41,NA,NA,327,41,327,41
159,z0195715,325,43,NA,NA,329,39,325,43
538,z0195716,NA,NA,327,41,296,72,330,38
539,z0195716b,NA,NA,330,38,NA,NA,NA,NA
160,z0195717,328,40,NA,NA,328,40,328,40
540,z0195718,NA,NA,314,54,3,365,314,54
161,z0195720,322,46,NA,NA,327,41,322,46
162,z0195721,5,363,NA,NA,10,358,5,363
163,z0195722,326,42,NA,NA,326,42,326,42
541,z0195724,NA,NA,205,163,304,64,205,163
542,z0195725,NA,NA,314,54,262,106,314,54
164,z0195726,283,85,NA,NA,302,66,283,85
165,z0195727,317,51,NA,NA,325,43,317,51
543,z0195728,NA,NA,284,84,245,123,284,84
166,z0195729,315,53,NA,NA,321,47,315,53
167,z0195730,324,44,NA,NA,325,43,324,44
544,z0195731,NA,NA,310,58,196,172,310,58
545,z0195732,NA,NA,237,131,258,110,237,131
168,z0195733,330,38,NA,NA,332,36,330,38
169,z0195735,332,36,NA,NA,333,35,332,36
170,z0195736,138,230,NA,NA,257,111,138,230
546,z0195737,NA,NA,326,42,243,125,326,42
171,z0195738,329,39,NA,NA,329,39,329,39
172,z0195739,322,46,NA,NA,325,43,322,46
547,z0195740,NA,NA,288,80,44,324,288,80
173,z0195741,326,42,NA,NA,326,42,326,42
174,z0195742,335,33,NA,NA,335,33,335,33
175,z0195742b,331,37,NA,NA,NA,NA,NA,NA
176,z0195743,326,42,NA,NA,326,42,326,42
177,z0195748,330,38,NA,NA,330,38,330,38
703,z0195749,NA,NA,NA,NA,26,342,NA,NA
178,z0195750,1,367,NA,NA,1,367,1,367
704,z0195751,NA,NA,NA,NA,103,265,NA,NA
548,z0195754,NA,NA,1,367,1,367,1,367
179,z0195755,1,367,NA,NA,248,120,1,367
180,z0195756,1,367,NA,NA,110,258,1,367
181,z0195757,1,367,NA,NA,1,367,1,367
182,z0195759,14,354,NA,NA,24,344,14,354
549,z0195762,NA,NA,21,347,168,200,21,347
705,z0195763,NA,NA,NA,NA,1,367,NA,NA
550,z0195764,NA,NA,1,367,13,355,1,367
706,z0195766,NA,NA,NA,NA,1,367,NA,NA
551,z0195767,NA,NA,1,367,195,173,1,367
707,z0195769,NA,NA,NA,NA,3,365,1,367
183,z0195769b,1,367,NA,NA,NA,NA,NA,NA
184,z0195770,1,367,NA,NA,133,235,1,367
185,z0195771,57,311,NA,NA,80,288,57,311
186,z0195772,79,289,NA,NA,87,281,79,289
187,z0195773,28,340,NA,NA,262,106,28,340
188,z0195775,1,367,NA,NA,1,367,1,367
189,z0195776,10,358,NA,NA,131,237,115,253
190,z0195777,5,363,NA,NA,245,123,170,198
191,z0195778,1,367,NA,NA,201,167,1,367
708,z0195779,NA,NA,NA,NA,1,367,1,367
192,z0195779b,1,367,NA,NA,NA,NA,NA,NA
193,z0195780,7,361,NA,NA,11,357,7,361
194,z0195781,26,342,NA,NA,30,338,26,342
195,z0195782,148,220,NA,NA,275,93,148,220
552,z0195783,NA,NA,45,323,1,367,45,323
553,z0195784,NA,NA,114,254,215,153,114,254
196,z0195786,1,367,NA,NA,17,351,1,367
197,z0195787,10,358,NA,NA,11,357,10,358
709,z0195791,NA,NA,NA,NA,269,99,NA,NA
554,z0196686,NA,NA,327,41,321,47,327,41
555,z0196687,NA,NA,329,39,218,150,329,39
556,z0196689,NA,NA,326,42,281,87,326,42
557,z0196690,NA,NA,313,55,NA,NA,313,55
558,z0196691,NA,NA,309,59,163,205,309,59
559,z0196692,NA,NA,319,49,320,48,319,49
560,z0196693,NA,NA,320,48,261,107,320,48
561,z0196694,NA,NA,321,47,270,98,321,47
198,z0196707,331,37,NA,NA,331,37,331,37
199,z0196708,307,61,NA,NA,309,59,307,61
200,z0196709,322,46,NA,NA,326,42,322,46
562,z0196710,NA,NA,329,39,308,60,329,39
710,z0196711,NA,NA,NA,NA,318,50,NA,NA
563,z0196713,NA,NA,305,63,271,97,305,63
201,z0196714,329,39,NA,NA,329,39,329,39
564,z0196715,NA,NA,248,120,212,156,248,120
202,z0196718,326,42,NA,NA,326,42,326,42
565,z0196719,NA,NA,329,39,220,148,329,39
203,z0196721,316,52,NA,NA,316,52,316,52
204,z0196722,326,42,NA,NA,327,41,326,42
205,z0196723,207,161,NA,NA,280,88,207,161
566,z0196724,NA,NA,247,121,238,130,247,121
567,z0196725,NA,NA,326,42,209,159,331,37
568,z0196725b,NA,NA,326,42,NA,NA,NA,NA
206,z0196726,323,45,NA,NA,325,43,323,45
207,z0196727,325,43,NA,NA,327,41,325,43
208,z0196728,325,43,NA,NA,329,39,328,40
209,z0196728b,318,50,NA,NA,NA,NA,NA,NA
569,z0196729,NA,NA,322,46,207,161,322,46
210,z0196730,317,51,NA,NA,324,44,317,51
570,z0196731,NA,NA,324,44,169,199,324,44
211,z0196732,321,47,NA,NA,326,42,321,47
212,z0196733,243,125,NA,NA,294,74,243,125
571,z0196734,NA,NA,323,45,261,107,323,45
213,z0196736,325,43,NA,NA,329,39,328,40
214,z0196736b,324,44,NA,NA,NA,NA,NA,NA
215,z0196737,316,52,NA,NA,320,48,316,52
216,z0196738,269,99,NA,NA,305,63,269,99
572,z0196739,NA,NA,137,231,287,81,137,231
573,z0196740,NA,NA,310,58,213,155,310,58
217,z0196741,291,77,NA,NA,292,76,291,77
218,z0196742,331,37,NA,NA,332,36,331,37
219,z0196743,324,44,NA,NA,330,38,324,44
220,z0196744,321,47,NA,NA,324,44,321,47
221,z0196746,323,45,NA,NA,323,45,323,45
222,z0196747,323,45,NA,NA,326,42,323,45
223,z0196748,321,47,NA,NA,325,43,321,47
224,z0196749,328,40,NA,NA,328,40,328,40
225,z0196750,318,50,NA,NA,320,48,318,50
574,z0196751,NA,NA,333,35,203,165,333,35
575,z0196752,NA,NA,333,35,102,266,333,35
226,z0196753,320,48,NA,NA,325,43,320,48
576,z0196754,NA,NA,332,36,248,120,332,36
227,z0196755,297,71,NA,NA,328,40,325,43
228,z0196755b,317,51,NA,NA,NA,NA,NA,NA
229,z0196756,328,40,NA,NA,329,39,328,40
230,z0196757,329,39,NA,NA,330,38,329,39
231,z0196758,325,43,NA,NA,326,42,325,43
232,z0196759,318,50,NA,NA,321,47,318,50
233,z0196760,326,42,NA,NA,327,41,326,42
234,z0196761,323,45,NA,NA,324,44,323,45
235,z0196762,304,64,NA,NA,324,44,323,45
236,z0196762b,319,49,NA,NA,NA,NA,NA,NA
577,z0196763,NA,NA,323,45,184,184,323,45
578,z0196764,NA,NA,330,38,144,224,330,38
237,z0196765,326,42,NA,NA,329,39,326,42
579,z0196766,NA,NA,332,36,253,115,332,36
238,z0196767,325,43,NA,NA,326,42,325,43
239,z0196768,322,46,NA,NA,325,43,322,46
580,z0196769,NA,NA,332,36,154,214,332,36
240,z0196770,306,62,NA,NA,314,54,306,62
241,z0196772,325,43,NA,NA,327,41,325,43
242,z0196773,319,49,NA,NA,321,47,319,49
581,z0196774,NA,NA,329,39,241,127,329,39
243,z0196775,326,42,NA,NA,326,42,326,42
244,z0196777,325,43,NA,NA,326,42,325,43
245,z0196778,323,45,NA,NA,323,45,323,45
246,z0196781,325,43,NA,NA,326,42,325,43
247,z0196783,330,38,NA,NA,330,38,330,38
248,z0196792,2,366,NA,NA,301,67,2,366
249,z0196793,299,69,NA,NA,323,45,299,69
250,z0196794,323,45,NA,NA,327,41,323,45
251,z0196795,300,68,NA,NA,319,49,300,68
252,z0196800,278,90,NA,NA,313,55,278,90
253,z0196804,305,63,NA,NA,305,63,305,63
711,z0196805,NA,NA,NA,NA,187,181,NA,NA
254,z0196806,223,145,NA,NA,277,91,223,145
582,z0196809,NA,NA,282,86,242,126,282,86
255,z0196810,1,367,NA,NA,230,138,1,367
256,z0196811,80,288,NA,NA,266,102,80,288
257,z0196812,201,167,NA,NA,299,69,201,167
258,z0196822,329,39,NA,NA,328,40,329,39
259,z0196823,326,42,NA,NA,328,40,326,42
583,z0196824,NA,NA,328,40,221,147,328,40
584,z0196825,NA,NA,319,49,321,47,319,49
260,z0196826,327,41,NA,NA,327,41,327,41
585,z0196828,NA,NA,76,292,183,185,197,171
586,z0196828b,NA,NA,131,237,NA,NA,NA,NA
587,z0196829,NA,NA,111,257,247,121,111,257
261,z0196830,271,97,NA,NA,318,50,271,97
262,z0196831,322,46,NA,NA,325,43,322,46
263,z0196832,288,80,NA,NA,290,78,288,80
264,z0196833,306,62,NA,NA,329,39,329,39
265,z0196833b,328,40,NA,NA,NA,NA,NA,NA
588,z0196834,NA,NA,97,271,250,118,97,271
589,z0196835,NA,NA,326,42,218,150,326,42
266,z0196838,11,357,NA,NA,249,119,11,357
712,z0196839,NA,NA,NA,NA,238,130,1,367
267,z0196840,1,367,NA,NA,37,331,1,367
590,z0196841,NA,NA,33,335,284,84,33,335
268,z0196842,224,144,NA,NA,290,78,224,144
591,z0196843,NA,NA,141,227,248,120,141,227
269,z0196844,8,360,NA,NA,279,89,8,360
270,z0196845,87,281,NA,NA,299,69,87,281
713,z0196846,NA,NA,NA,NA,222,146,NA,NA
271,z0196847,49,319,NA,NA,272,96,49,319
272,z0196848,327,41,NA,NA,328,40,327,41
592,z0196849,NA,NA,323,45,259,109,323,45
273,z0196850,1,367,NA,NA,278,90,1,367
274,z0196851,7,361,NA,NA,253,115,7,361
593,z0196852,NA,NA,325,43,298,70,326,42
594,z0196852b,NA,NA,317,51,NA,NA,NA,NA
275,z0196854,325,43,NA,NA,332,36,332,36
276,z0196854b,329,39,NA,NA,NA,NA,NA,NA
595,z0196855,NA,NA,326,42,298,70,330,38
596,z0196855b,NA,NA,325,43,NA,NA,NA,NA
597,z0196856,NA,NA,324,44,307,61,324,44
598,z0196857,NA,NA,327,41,298,70,327,41
599,z0196857b,NA,NA,324,44,NA,NA,NA,NA
277,z0196858,249,119,NA,NA,324,44,249,119
278,z0196859,330,38,NA,NA,330,38,330,38
279,z0196860,328,40,NA,NA,328,40,328,40
280,z0196861,325,43,NA,NA,327,41,325,43
281,z0196862,327,41,NA,NA,327,41,327,41
282,z0196863,326,42,NA,NA,328,40,326,42
600,z0196864,NA,NA,324,44,169,199,324,44
283,z0196865,324,44,NA,NA,323,45,324,44
284,z0196886,299,69,NA,NA,315,53,299,69
285,z0196887,89,279,NA,NA,265,103,238,130
286,z0196888,10,358,NA,NA,13,355,10,358
287,z0196889,1,367,NA,NA,22,346,1,367
601,z0196890,NA,NA,1,367,3,365,1,367
288,z0196891,73,295,NA,NA,251,117,73,295
289,z0196892,102,266,NA,NA,297,71,102,266
602,z0196894,NA,NA,309,59,289,79,309,59
714,z0196895,NA,NA,NA,NA,281,87,NA,NA
290,z0197658,120,248,NA,NA,319,49,319,49
291,z0197658b,318,50,NA,NA,NA,NA,NA,NA
292,z0197659,299,69,NA,NA,299,69,299,69
293,z0197660,189,179,NA,NA,191,177,189,179
294,z0197662,303,65,NA,NA,327,41,303,65
603,z0197663,NA,NA,303,65,309,59,303,65
295,z0197664,2,366,NA,NA,248,120,2,366
296,z0197665,324,44,NA,NA,324,44,324,44
715,z0197667,NA,NA,NA,NA,321,47,NA,NA
604,z0197668,NA,NA,283,85,19,349,283,85
605,z0197669,NA,NA,327,41,311,57,327,41
297,z0197671,1,367,NA,NA,300,68,300,68
298,z0197671b,300,68,NA,NA,NA,NA,NA,NA
606,z0197672,NA,NA,315,53,304,64,315,53
299,z0197673,313,55,NA,NA,326,42,313,55
300,z0197679,329,39,NA,NA,330,38,329,39
716,z0197682,NA,NA,NA,NA,284,84,274,94