"","locus","z0040334_Hi04.fastq.coverage","z0040345_Hi04.fastq.coverage","z0040363_Hi04.fastq.coverage","z0040364_Hi04.fastq.coverage","z0040439_Hi04.fastq.coverage","z0040985_Hi04.fastq.coverage","z0056387_CoR05.fastq.coverage","z0056388_CoR05.fastq.coverage","z0056389_CoR05.fastq.coverage","z0056391_CoR05.fastq.coverage","z0056398_CoR05.fastq.coverage","z0063269_OK06.fastq.coverage","z0063273_OK06.fastq.coverage","z0063275_OK06.fastq.coverage","z0063328_OK06.fastq.coverage","z0063342_OK06.fastq.coverage","z121_MnoIS04.fastq.coverage","z69_MnoIS04.fastq.coverage","z72_MnoIS04.fastq.coverage","z74_MnoIS04.fastq.coverage","z76_MnoIS04.fastq.coverage","z82_MnoIS04.fastq.coverage","mean","med"
"1","Mnov_gtseq_22",24,6,16,8,16,13,16,21,15,25,25,10,13,17,14,16,12,21,15,11,10,10,15.1818181818182,15
"2","Mnov_gtseq_516",39,5,30,12,5,9,6,22,8,31,19,11,38,15,13,24,8,15,9,24,10,11,16.5454545454545,13
"3","Mnov_gtseq_70",6,5,26,20,6,5,9,18,33,13,34,15,18,15,19,24,12,17,19,19,10,21,16.5454545454545,17
"4","Mnov_gtseq_414",14,9,48,27,24,8,24,29,24,19,18,6,18,9,12,27,11,21,13,7,11,13,17.8181818181818,17.8181818181818
"5","Mnov_gtseq_526",18,7,5,34,23,15,20,18,25,36,20,14,22,11,20,29,8,21,12,13,15,13,18.1363636363636,18
"6","Mnov_gtseq_79",15,13,26,23,10,11,25,30,22,37,24,10,16,14,19,14,12,13,16,16,19,19,18.3636363636364,16
"7","Mnov_gtseq_426",35,12,19,25,13,7,6,29,14,44,6,21,26,13,30,21,11,20,15,10,23,13,18.7727272727273,18.7727272727273
"8","Mnov_gtseq_238",24,9,30,22,29,18,16,22,45,40,24,8,14,7,20,8,9,16,17,14,15,8,18.8636363636364,17
"9","Mnov_gtseq_48",19,16,12,16,11,8,24,8,26,10,10,25,10,32,32,29,8,32,22,38,22,17,19.4090909090909,19
"10","Mnov_gtseq_297",19,22,29,12,12,13,12,13,27,30,21,12,24,47,18,19,12,16,19,19,34,10,20,19
"11","Mnov_gtseq_463",29,20,30,24,34,17,14,19,22,26,14,15,29,10,11,29,16,32,10,20,16,8,20.2272727272727,20
"12","Mnov_gtseq_348",30,12,37,27,6,17,16,24,21,25,19,15,21,15,26,16,22,17,22,24,15,25,20.5454545454545,21
"13","Mnov_gtseq_374",9,33,19,20,30,15,19,12,13,30,23,20,15,25,13,45,16,17,24,13,16,26,20.5909090909091,19
"14","Mnov_gtseq_8",29,20,21,28,28,8,13,16,16,14,20,22,25,24,24,28,18,36,20,25,25,9,21.3181818181818,21.3181818181818
"15","Mnov_gtseq_106",12,31,33,36,14,16,22,19,23,33,13,15,14,31,21,28,11,31,22,17,17,20,21.7727272727273,21
"16","Mnov_gtseq_180",21,27,30,25,44,27,17,14,19,49,18,23,15,18,24,20,19,21,20,12,15,14,22.3636363636364,20
"17","Mnov_gtseq_3",13,8,27,19,10,5,18,42,36,19,22,13,28,31,32,54,19,42,35,29,17,13,24.1818181818182,22
"18","Mnov_gtseq_10",21,12,35,39,12,13,25,29,36,24,29,6,28,23,26,18,15,26,37,31,28,27,24.5454545454545,26
"19","Mnov_gtseq_220",20,30,13,36,34,23,13,16,19,58,21,15,16,15,43,29,20,24,35,41,7,27,25.2272727272727,23
"20","Mnov_gtseq_211",13,16,37,34,11,12,28,33,52,42,20,13,21,14,23,40,23,43,24,25,24,23,25.9545454545455,24
"21","Mnov_gtseq_152",20,21,25,45,9,10,10,30,23,10,39,21,39,25,28,39,29,39,43,10,20,42,26.2272727272727,25
"22","Mnov_gtseq_514",29,20,32,15,39,30,12,22,16,43,11,25,32,23,55,37,21,37,23,19,23,26,26.8181818181818,25
"23","Mnov_gtseq_313",30,24,52,40,9,36,35,37,40,48,17,19,15,11,41,28,6,16,16,37,22,19,27.1818181818182,27.1818181818182
"24","Mnov_gtseq_213",28,32,28,16,20,25,15,43,32,45,18,31,18,22,27,38,23,15,40,21,28,35,27.2727272727273,27.2727272727273
"25","Mnov_gtseq_344",34,18,9,31,35,35,16,31,18,39,33,17,19,27,30,46,23,34,23,31,24,30,27.4090909090909,30
"26","Mnov_gtseq_91",27,25,36,26,29,24,15,27,29,22,28,23,26,24,29,29,17,32,40,26,35,40,27.6818181818182,27
"27","Mnov_gtseq_214",0,24,40,47,7,10,37,36,35,13,13,37,44,28,18,52,27,19,48,36,29,11,27.7727272727273,28
"28","Mnov_gtseq_390",22,28,31,24,54,27,27,26,16,55,25,17,30,28,26,48,22,27,7,16,32,32,28.1818181818182,27
"29","Mnov_gtseq_533",20,24,37,22,14,20,14,41,31,20,28,24,40,21,33,53,35,23,30,27,41,27,28.4090909090909,27
"30","Mnov_gtseq_130",48,25,50,44,23,20,39,45,59,30,29,7,18,17,17,8,16,26,35,19,25,26,28.4545454545455,26
"31","Mnov_gtseq_305",21,12,36,36,12,29,33,32,24,48,48,12,26,16,38,32,22,20,22,46,30,31,28.4545454545455,29
"32","Mnov_gtseq_380",27,36,57,49,11,32,16,56,45,90,21,14,29,13,10,34,14,8,23,25,6,30,29.3636363636364,27
"33","Mnov_gtseq_30",53,8,42,25,41,5,27,8,31,19,8,34,19,28,36,37,35,48,48,23,42,36,29.6818181818182,31
"34","Mnov_gtseq_291",17,14,77,43,10,18,22,39,49,53,56,15,19,19,32,24,18,12,25,35,40,30,30.3181818181818,25
"35","Mnov_gtseq_6",25,9,39,38,7,30,41,44,26,34,39,25,15,33,41,52,18,38,34,21,36,27,30.5454545454545,33
"36","Mnov_gtseq_13",37,25,49,31,30,16,16,27,32,45,44,38,19,32,31,42,47,42,26,22,27,4,31,31
"37","Mnov_gtseq_251",31,16,55,42,12,20,36,29,30,35,24,22,36,20,33,64,23,40,44,24,34,27,31.6818181818182,31
"38","Mnov_gtseq_134",24,29,72,52,40,24,35,65,46,74,40,18,18,16,13,16,7,25,16,31,35,28,32.9090909090909,29
"39","Mnov_gtseq_115",24,18,70,45,31,19,41,49,38,62,6,23,39,23,28,36,23,35,33,37,19,40,33.5909090909091,33.5909090909091
"40","Mnov_gtseq_366",41,36,65,30,15,30,38,47,43,75,52,5,16,21,24,29,8,36,40,35,19,38,33.7727272727273,35
"41","Mnov_gtseq_33",30,34,35,31,61,29,32,25,23,35,29,31,52,34,40,35,42,32,33,26,36,22,33.9545454545455,33
"42","Mnov_gtseq_321",50,25,44,42,18,21,21,64,74,56,54,6,24,23,33,38,12,37,29,30,26,32,34.5,32
"43","Mnov_gtseq_162",48,44,45,32,16,31,13,64,60,56,46,22,8,25,37,32,17,10,51,44,37,28,34.8181818181818,34.8181818181818
"44","Mnov_gtseq_40",37,34,23,42,36,31,15,48,51,57,54,32,20,54,11,34,27,58,25,21,44,29,35.5909090909091,34
"45","Mnov_gtseq_337",31,22,43,41,14,21,28,27,32,64,31,28,37,41,45,78,26,66,43,24,28,27,36.2272727272727,31
"46","Mnov_gtseq_545",45,29,34,30,47,19,24,45,17,46,41,34,55,46,34,56,20,51,38,22,31,38,36.4545454545455,36.4545454545455
"47","Mnov_gtseq_289",35,26,48,59,37,26,35,52,37,22,33,24,33,38,39,51,30,57,32,28,29,33,36.5454545454545,35
"48","Mnov_gtseq_197",34,23,34,38,53,26,42,22,34,62,43,17,12,33,44,38,31,36,28,27,96,38,36.8636363636364,34
"49","Mnov_gtseq_47",31,32,43,50,61,39,22,34,35,33,29,57,18,41,23,33,56,45,40,37,32,24,37.0454545454545,35
"50","Mnov_gtseq_222",35,39,41,37,43,32,28,38,35,40,30,20,38,26,26,65,45,39,39,44,32,46,37.1818181818182,38
"51","Mnov_gtseq_129",41,21,28,42,38,27,18,27,39,55,41,40,54,42,47,40,40,37,31,25,62,41,38,40
"52","Mnov_gtseq_4",22,20,38,82,33,31,36,32,28,37,7,26,48,34,52,60,40,48,49,50,52,44,39.5,38
"53","Mnov_gtseq_350",15,25,52,58,27,26,36,34,37,60,49,22,57,28,66,42,33,57,43,38,53,20,39.9090909090909,38
"54","Mnov_gtseq_44",38,41,49,45,37,21,33,34,45,46,43,36,36,57,36,47,41,46,45,24,39,46,40.2272727272727,41
"55","Mnov_gtseq_285",38,29,43,74,15,33,35,53,47,35,30,37,33,29,45,66,49,68,43,33,33,37,41.1363636363636,37
"56","Mnov_gtseq_182",37,37,45,56,21,39,19,37,46,53,36,47,46,55,51,61,28,28,47,39,41,45,41.5454545454545,41.5454545454545
"57","Mnov_gtseq_353",32,30,58,28,20,13,44,42,66,73,48,23,51,32,55,37,9,48,46,36,60,65,41.6363636363636,42
"58","Mnov_gtseq_25",50,37,41,37,30,35,25,37,34,58,37,39,59,56,47,53,50,44,32,38,49,39,42.1363636363636,39
"59","Mnov_gtseq_5",36,21,62,52,14,11,48,98,51,101,23,25,29,33,42,50,35,70,43,19,18,53,42.4545454545455,42
"60","Mnov_gtseq_394",30,19,108,76,21,35,37,60,69,67,46,16,46,19,37,42,9,39,42,36,31,51,42.5454545454545,39
"61","Mnov_gtseq_470",51,34,52,50,36,34,12,43,59,37,38,29,55,49,58,37,35,49,61,42,39,39,42.6818181818182,42
"62","Mnov_gtseq_270",30,49,33,44,45,24,31,58,34,43,49,31,63,58,46,35,29,44,63,37,63,32,42.7727272727273,43
"63","Mnov_gtseq_543",36,53,81,46,67,48,36,74,48,90,47,18,23,32,41,50,18,12,42,25,29,28,42.9090909090909,42
"64","Mnov_gtseq_378",33,22,65,59,15,42,48,64,52,55,67,26,34,42,44,65,21,48,47,41,33,38,43.6818181818182,43.6818181818182
"65","Mnov_gtseq_244",40,32,80,51,12,34,34,71,69,64,49,28,41,37,33,38,45,51,44,51,30,30,43.8181818181818,41
"66","Mnov_gtseq_71",39,40,67,59,19,36,48,61,65,51,55,16,33,17,38,44,25,39,42,79,43,53,44.0454545454545,43
"67","Mnov_gtseq_155",36,31,87,49,12,28,41,75,69,98,58,12,59,47,32,43,16,55,39,35,39,41,45.5454545454545,41
"68","Mnov_gtseq_166",65,15,72,25,30,17,98,59,161,62,61,32,21,48,69,32,27,24,15,24,30,17,45.6363636363636,32
"69","Mnov_gtseq_231",85,19,88,61,30,24,57,62,65,63,47,27,28,20,37,48,28,28,50,43,64,34,45.8181818181818,45.8181818181818
"70","Mnov_gtseq_50",39,25,80,67,11,29,56,57,62,87,55,33,28,39,44,62,29,48,28,39,67,57,47.3636363636364,47.3636363636364
"71","Mnov_gtseq_359",39,42,50,46,17,36,58,43,49,55,54,57,51,60,64,72,48,53,55,29,45,34,48.0454545454545,49
"72","Mnov_gtseq_216",26,38,88,78,25,23,46,91,48,86,82,26,43,41,44,66,18,44,40,43,46,51,49.6818181818182,44
"73","Mnov_gtseq_358",32,36,62,62,64,36,32,40,40,65,39,36,53,33,68,77,44,74,61,59,43,49,50.2272727272727,49
"74","Mnov_gtseq_372",43,34,109,66,9,30,52,90,75,56,75,21,56,50,42,51,31,36,47,53,31,56,50.5909090909091,50.5909090909091
"75","Mnov_gtseq_167",47,41,46,30,66,34,42,76,65,162,57,21,29,38,63,63,19,53,45,55,35,36,51.0454545454545,46
"76","Mnov_gtseq_192",45,42,99,61,45,35,56,105,57,107,73,17,37,34,64,48,5,55,42,54,39,27,52.1363636363636,48
"77","Mnov_gtseq_254",44,53,71,80,23,53,60,85,58,100,61,34,50,27,57,57,19,46,45,41,45,43,52.3636363636364,52.3636363636364
"78","Mnov_gtseq_264",52,31,71,53,18,36,34,60,71,48,63,48,73,70,59,80,46,50,55,53,42,43,52.5454545454545,52.5454545454545
"79","Mnov_gtseq_452",44,47,64,58,21,29,57,52,49,63,59,21,57,56,106,69,37,82,32,46,70,47,53,53
"80","Mnov_gtseq_200",34,27,7,19,104,90,72,61,58,219,50,13,20,56,72,66,11,59,13,37,34,76,54.4545454545455,54.4545454545455
"81","Mnov_gtseq_301",40,45,77,70,24,43,65,76,67,65,44,33,62,47,71,79,19,42,57,77,43,53,54.5,54.5
"82","Mnov_gtseq_28",49,73,84,77,49,7,35,45,50,26,40,42,89,44,23,84,63,56,82,57,85,46,54.8181818181818,50
"83","Mnov_gtseq_298",23,30,67,97,15,36,52,96,62,105,68,42,19,56,53,93,38,81,46,50,38,61,55.8181818181818,53
"84","Mnov_gtseq_420",30,33,126,84,30,32,49,66,81,57,46,26,59,51,32,65,22,46,90,66,69,69,55.8636363636364,55.8636363636364
"85","Mnov_gtseq_37",21,31,119,95,22,30,69,86,77,90,84,17,48,47,38,58,35,70,61,43,38,52,55.9545454545455,52
"86","Mnov_gtseq_333",44,48,113,92,65,45,35,1,99,118,70,29,40,27,68,108,45,69,73,22,0,28,56.3181818181818,48
"87","Mnov_gtseq_437",86,22,68,85,27,74,53,82,54,96,93,44,43,47,35,35,41,60,49,41,53,58,56.6363636363636,53
"88","Mnov_gtseq_113",52,53,47,70,59,61,35,61,87,46,46,43,81,72,48,52,81,64,55,53,60,36,57.3636363636364,55
"89","Mnov_gtseq_547",63,52,84,58,38,48,51,72,51,91,59,52,62,37,60,81,19,79,68,50,40,53,57.6363636363636,57.6363636363636
"90","Mnov_gtseq_448",34,24,133,138,10,20,32,111,121,40,60,33,50,33,47,52,40,52,97,67,51,44,58.5909090909091,50
"91","Mnov_gtseq_208",52,34,112,93,34,34,66,81,100,100,70,23,65,36,45,83,31,37,43,53,51,69,59.6363636363636,53
"92","Mnov_gtseq_371",34,53,76,75,29,34,52,90,51,80,63,33,93,60,59,86,47,77,64,56,50,56,59.9090909090909,59
"93","Mnov_gtseq_235",53,38,71,57,17,61,56,46,72,62,63,54,81,75,89,84,60,68,67,48,55,61,60.8181818181818,61
"94","Mnov_gtseq_477",72,33,80,83,41,70,47,45,73,73,47,62,66,60,41,71,65,63,73,71,54,53,61.0454545454545,63
"95","Mnov_gtseq_23",82,66,31,59,38,51,65,49,58,29,43,39,80,64,90,71,40,73,111,70,70,85,62,64
"96","Mnov_gtseq_278",55,41,115,84,58,39,50,109,105,112,75,25,51,55,56,59,35,47,70,32,38,65,62.5454545454545,56
"97","Mnov_gtseq_239",43,41,114,83,41,28,66,76,111,113,80,35,59,41,55,88,36,59,57,59,37,68,63.1818181818182,59
"98","Mnov_gtseq_171",168,47,57,38,77,60,34,72,46,59,48,47,45,66,68,69,50,101,71,43,61,70,63.5,60
"99","Mnov_gtseq_151",68,47,101,113,51,37,37,81,74,110,54,23,77,45,56,83,48,57,79,58,41,71,64.1363636363636,58
"100","Mnov_gtseq_41",68,74,104,67,107,46,51,67,59,59,59,53,54,49,55,92,62,69,62,48,76,39,64.5454545454545,62
"101","Mnov_gtseq_177",69,52,126,80,85,51,62,99,118,124,80,27,43,53,46,54,41,31,60,56,29,35,64.5909090909091,56
"102","Mnov_gtseq_517",58,83,126,103,67,29,39,71,75,49,60,31,60,36,46,67,38,63,116,54,89,62,64.6363636363636,62
"103","Mnov_gtseq_334",39,55,108,109,51,55,48,92,67,95,100,41,63,54,73,58,33,70,56,62,44,70,65.5909090909091,62
"104","Mnov_gtseq_62",33,59,128,84,32,49,53,109,106,144,92,30,56,48,64,54,37,59,65,36,46,73,66.2272727272727,59
"105","Mnov_gtseq_422",44,35,68,73,27,40,58,79,116,83,55,49,56,81,112,85,27,88,65,90,78,54,66.5,66.5
"106","Mnov_gtseq_156",36,35,113,69,39,42,65,80,87,119,40,36,80,65,69,86,64,111,78,47,53,65,67.2272727272727,65
"107","Mnov_gtseq_196",76,51,55,60,48,72,41,87,71,95,52,61,61,55,106,104,72,54,72,58,82,67,68.1818181818182,67
"108","Mnov_gtseq_404",64,48,118,111,82,42,67,84,92,103,87,39,40,45,68,56,39,71,84,58,57,63,69,67
"109","Mnov_gtseq_190",52,40,125,101,45,42,67,76,94,132,93,27,64,38,77,79,34,56,74,78,58,80,69.6363636363636,69.6363636363636
"110","Mnov_gtseq_260",68,70,123,89,26,92,58,82,77,89,60,78,54,32,56,93,39,93,82,60,51,77,70.4090909090909,70.4090909090909
"111","Mnov_gtseq_408",51,18,91,98,25,82,58,65,111,70,32,20,80,65,81,138,82,79,75,79,82,75,70.7727272727273,75
"112","Mnov_gtseq_364",26,44,105,74,27,21,74,86,84,151,74,31,100,59,80,98,42,117,69,61,69,73,71.1363636363636,73
"113","Mnov_gtseq_81",28,43,97,76,13,44,86,111,151,84,77,58,63,101,75,52,39,78,54,115,80,60,72.0454545454545,75
"114","Mnov_gtseq_261",50,52,126,97,49,44,68,101,68,114,82,25,73,60,52,84,44,92,81,62,84,78,72.0909090909091,72.0909090909091
"115","Mnov_gtseq_125",40,74,96,70,68,46,34,48,86,113,52,65,135,68,62,81,73,96,69,58,82,73,72.2272727272727,70
"116","Mnov_gtseq_320",72,59,106,116,46,62,68,99,89,88,89,60,65,56,58,91,50,79,52,66,59,63,72.4090909090909,66
"117","Mnov_gtseq_144",83,54,128,77,79,64,49,84,120,125,88,40,82,69,89,63,33,64,62,38,48,60,72.6818181818182,69
"118","Mnov_gtseq_288",81,58,170,102,32,40,115,139,120,175,139,36,57,34,18,42,41,47,27,51,67,63,75.1818181818182,58
"119","Mnov_gtseq_64",81,63,96,74,117,49,52,60,80,91,56,63,47,83,74,113,69,88,91,45,95,79,75.7272727272727,75.7272727272727
"120","Mnov_gtseq_102",78,68,117,118,49,49,62,99,83,69,58,30,106,69,76,126,48,69,95,55,94,86,77.4545454545455,76
"121","Mnov_gtseq_316",55,43,85,100,58,68,62,63,71,95,93,63,72,84,123,124,57,65,124,81,70,56,77.8181818181818,71
"122","Mnov_gtseq_256",84,68,126,78,58,85,77,78,59,113,88,42,88,93,62,123,31,110,71,55,77,54,78.1818181818182,78
"123","Mnov_gtseq_415",36,49,147,144,25,75,70,143,85,111,96,28,54,49,76,129,54,117,82,64,55,54,79.2272727272727,75
"124","Mnov_gtseq_506",61,71,131,93,88,84,59,76,78,115,89,61,50,75,91,124,46,78,69,35,112,105,81.4090909090909,78
"125","Mnov_gtseq_300",71,38,162,95,36,52,79,123,116,129,124,38,80,58,107,105,45,61,56,78,76,100,83.1363636363636,79
"126","Mnov_gtseq_355",49,22,139,122,25,69,83,79,125,99,87,40,120,70,103,132,61,115,107,84,68,72,85.0454545454545,84
"127","Mnov_gtseq_518",67,71,66,72,81,102,68,119,103,280,111,53,44,84,98,100,54,68,36,56,58,82,85.1363636363636,72
"128","Mnov_gtseq_352",65,63,149,147,87,55,74,86,169,147,97,36,70,41,86,106,71,69,58,57,73,75,85.5,74
"129","Mnov_gtseq_314",64,39,148,115,18,58,71,94,103,142,121,53,96,60,74,160,70,93,88,78,87,71,86.5,86.5
"130","Mnov_gtseq_29",93,77,163,103,44,73,77,126,136,86,118,42,59,85,58,107,45,103,92,60,89,81,87.1363636363636,86
"131","Mnov_gtseq_553",77,93,154,100,57,65,65,120,76,105,139,64,96,58,83,102,66,101,78,74,75,71,87.2272727272727,78
"132","Mnov_gtseq_317",79,84,144,105,40,76,97,125,136,179,100,41,66,70,56,103,30,98,70,76,72,88,87.9545454545455,84
"133","Mnov_gtseq_107",73,36,127,108,22,49,111,151,112,102,131,29,63,81,84,125,66,125,81,83,85,100,88.3636363636364,85
"134","Mnov_gtseq_15",50,43,180,188,34,47,84,77,124,57,94,75,67,65,71,122,75,113,110,94,113,67,88.6363636363636,77
"135","Mnov_gtseq_67",90,69,89,116,72,76,33,113,94,160,93,46,103,79,112,87,57,97,140,64,67,97,88.8181818181818,89
"136","Mnov_gtseq_90",97,62,116,89,89,60,75,94,81,131,100,71,96,84,119,108,75,109,120,84,61,86,91.2272727272727,89
"137","Mnov_gtseq_281",48,43,98,23,111,70,71,157,164,148,108,35,68,115,158,111,84,110,71,62,62,93,91.3636363636364,91.3636363636364
"138","Mnov_gtseq_442",56,50,162,122,25,48,84,125,131,153,109,28,85,69,79,125,57,128,77,85,125,92,91.5909090909091,85
"139","Mnov_gtseq_138",96,96,155,133,126,47,62,66,105,63,106,84,82,58,91,107,53,120,117,67,95,87,91.6363636363636,91.6363636363636
"140","Mnov_gtseq_546",38,38,131,131,25,47,72,105,121,131,133,54,90,115,120,124,58,124,128,69,81,89,92,92
"141","Mnov_gtseq_472",84,74,111,159,50,41,65,133,101,138,99,65,97,64,83,83,82,146,94,94,102,88,93.3181818181818,93.3181818181818
"142","Mnov_gtseq_160",101,119,169,105,111,26,56,96,125,141,113,44,113,79,81,103,47,67,111,109,91,49,93.4545454545455,101
"143","Mnov_gtseq_20",57,80,136,140,77,87,86,82,99,120,59,69,97,107,108,119,45,118,114,82,94,86,93.7272727272727,93.7272727272727
"144","Mnov_gtseq_397",57,79,119,102,89,60,67,91,82,126,100,55,145,108,93,113,87,122,116,113,75,82,94.5909090909091,93
"145","Mnov_gtseq_447",85,61,169,159,62,63,79,106,73,126,80,93,96,87,91,145,49,124,77,103,65,93,94.8181818181818,91
"146","Mnov_gtseq_424",81,79,136,125,53,88,105,162,109,158,83,78,76,90,108,87,39,76,102,89,82,83,94.9545454545455,88
"147","Mnov_gtseq_104",88,91,178,140,58,90,92,163,67,115,134,45,82,58,63,103,78,78,110,75,96,90,95.1818181818182,90
"148","Mnov_gtseq_135",99,101,173,133,101,62,87,127,106,92,101,62,108,62,70,80,60,94,84,127,92,73,95.1818181818182,94
"149","Mnov_gtseq_257",31,71,57,139,59,71,70,73,153,46,139,73,112,85,119,174,74,113,137,83,100,134,96.0454545454545,85
"150","Mnov_gtseq_326",52,63,153,111,68,52,88,108,97,151,95,56,110,102,114,138,51,142,90,106,97,73,96.2272727272727,97
"151","Mnov_gtseq_58",65,72,185,118,25,104,97,108,150,140,171,49,94,76,97,105,57,99,97,115,85,72,99.1363636363636,97
"152","Mnov_gtseq_224",45,62,121,119,46,87,87,106,108,124,89,63,116,103,136,149,87,126,100,91,115,107,99.4090909090909,103
"153","Mnov_gtseq_532",101,43,118,160,30,126,63,115,141,89,164,57,81,95,121,155,67,131,102,81,83,88,100.5,100.5
"154","Mnov_gtseq_535",74,70,239,158,22,51,91,131,118,115,101,69,135,94,74,77,76,138,128,79,104,87,101.409090909091,94
"155","Mnov_gtseq_69",132,87,209,135,86,58,86,162,130,100,106,72,59,73,97,112,51,123,127,84,96,56,101.863636363636,97
"156","Mnov_gtseq_46",133,64,121,132,97,53,78,84,129,106,106,93,108,85,125,122,89,103,138,90,116,87,102.681818181818,103
"157","Mnov_gtseq_191",88,76,113,101,129,88,118,81,115,156,101,81,130,104,110,167,67,122,99,63,99,61,103.136363636364,101
"158","Mnov_gtseq_521",88,76,103,91,104,71,92,101,113,130,115,57,104,78,91,178,69,174,140,65,151,79,103.181818181818,101
"159","Mnov_gtseq_108",121,80,193,108,119,95,94,104,143,173,100,51,67,93,113,172,52,83,88,71,91,70,103.681818181818,95
"160","Mnov_gtseq_223",107,72,118,110,110,62,82,121,75,157,99,87,106,75,97,128,95,112,116,106,143,119,104.409090909091,106
"161","Mnov_gtseq_299",123,96,97,83,188,74,102,106,84,132,119,79,102,116,105,117,106,115,109,76,82,87,104.454545454545,104.454545454545
"162","Mnov_gtseq_340",89,132,158,142,112,89,98,104,156,176,103,54,99,81,119,118,64,94,100,79,94,87,106.727272727273,100
"163","Mnov_gtseq_361",100,88,183,134,67,69,144,129,139,141,118,43,114,76,121,148,71,82,109,78,96,109,107.227272727273,109
"164","Mnov_gtseq_515",117,98,180,99,114,76,106,120,137,172,135,45,92,95,116,124,29,92,125,120,99,83,107.909090909091,107.909090909091
"165","Mnov_gtseq_112",85,65,156,178,31,95,166,158,140,128,130,63,74,72,114,159,61,96,105,94,87,119,108,105
"166","Mnov_gtseq_269",82,75,169,92,74,60,118,157,146,201,121,52,98,77,97,123,83,95,99,137,103,120,108.136363636364,99
"167","Mnov_gtseq_248",109,58,198,161,33,88,104,123,140,171,143,62,122,82,87,116,57,139,121,95,113,92,109.727272727273,109.727272727273
"168","Mnov_gtseq_271",147,92,98,138,165,67,115,106,95,141,107,93,117,102,107,129,111,109,102,93,124,57,109.772727272727,107
"169","Mnov_gtseq_88",122,94,199,160,176,1,1,180,101,236,57,70,91,92,66,130,36,129,169,114,138,64,110.272727272727,110.272727272727
"170","Mnov_gtseq_93",90,62,142,159,51,56,99,120,138,160,155,56,114,85,127,174,47,153,147,106,111,99,111.409090909091,111.409090909091
"171","Mnov_gtseq_549",97,91,146,96,116,113,95,91,92,181,103,75,101,97,129,109,119,169,143,97,109,88,111.681818181818,103
"172","Mnov_gtseq_263",100,94,186,162,57,81,108,109,150,202,116,46,98,114,118,175,45,128,124,104,73,86,112.545454545455,109
"173","Mnov_gtseq_63",83,61,116,49,212,78,130,119,131,279,149,69,59,117,170,129,44,120,58,105,82,126,113,116
"174","Mnov_gtseq_513",86,62,230,184,51,93,153,70,116,138,120,96,161,120,59,204,57,134,71,66,155,84,114.090909090909,114.090909090909
"175","Mnov_gtseq_402",90,81,133,127,106,52,101,103,94,142,127,84,114,109,150,175,92,189,137,80,105,122,114.227272727273,109
"176","Mnov_gtseq_445",140,67,191,61,61,51,98,120,110,197,123,99,144,129,151,135,140,143,124,129,81,43,115.318181818182,123
"177","Mnov_gtseq_240",105,86,212,157,86,88,129,169,117,214,150,69,98,81,118,129,68,93,71,90,99,115,115.636363636364,105
"178","Mnov_gtseq_39",115,122,261,129,152,97,109,121,135,213,146,53,115,64,73,90,68,127,130,80,92,87,117.227272727273,115
"179","Mnov_gtseq_74",138,132,190,168,77,75,125,153,143,165,156,43,107,83,107,124,61,96,112,117,102,106,117.272727272727,117
"180","Mnov_gtseq_245",93,73,190,136,68,98,128,151,150,170,158,67,102,103,110,138,62,112,151,118,108,100,117.545454545455,112
"181","Mnov_gtseq_504",122,105,170,150,199,36,122,122,157,243,96,82,61,95,114,60,82,151,131,47,130,119,117.909090909091,119
"182","Mnov_gtseq_118",70,69,124,77,35,94,159,91,212,128,120,129,74,152,175,133,50,111,108,211,207,89,119,119
"183","Mnov_gtseq_388",67,64,198,159,61,99,130,165,157,197,147,62,136,89,136,128,66,94,122,114,110,125,119.363636363636,122
"184","Mnov_gtseq_338",123,74,212,129,88,100,120,132,165,155,119,70,136,95,158,125,76,135,123,112,84,96,119.409090909091,120
"185","Mnov_gtseq_345",105,119,123,135,140,118,115,146,105,188,134,129,114,122,136,140,115,116,87,99,107,82,121.590909090909,119
"186","Mnov_gtseq_304",88,64,203,118,48,60,95,174,140,146,178,74,134,90,104,203,67,198,172,103,94,123,121.636363636364,118
"187","Mnov_gtseq_83",172,156,150,169,105,122,116,169,145,221,100,56,86,76,124,116,45,139,127,107,69,111,121.863636363636,121.863636363636
"188","Mnov_gtseq_399",96,70,262,132,59,97,122,164,182,168,132,70,110,87,122,164,65,107,134,148,108,101,122.727272727273,122
"189","Mnov_gtseq_143",116,104,216,147,139,125,124,211,136,158,168,71,94,82,99,118,66,118,116,94,119,92,123.318181818182,118
"190","Mnov_gtseq_377",128,112,243,148,151,88,72,124,126,129,122,116,143,100,87,145,111,151,157,93,102,82,124.090909090909,124
"191","Mnov_gtseq_410",76,85,184,150,121,77,104,193,168,220,177,72,113,96,105,163,63,149,123,123,77,99,124.454545454545,121
"192","Mnov_gtseq_98",123,156,243,236,80,28,64,128,177,100,125,55,163,79,90,177,85,135,168,109,138,79,124.454545454545,124.454545454545
"193","Mnov_gtseq_230",56,51,152,112,29,73,121,130,259,103,91,122,124,195,206,142,69,122,97,177,220,97,124.909090909091,122
"194","Mnov_gtseq_217",71,65,185,157,69,113,102,181,150,117,163,92,120,127,90,222,90,178,135,131,125,93,126.181818181818,125
"195","Mnov_gtseq_419",109,106,256,138,109,104,139,174,120,226,148,70,114,86,89,135,52,117,175,112,76,125,126.363636363636,117
"196","Mnov_gtseq_246",141,108,360,214,105,40,104,133,141,48,136,82,138,105,108,136,85,129,146,178,94,112,129.227272727273,129
"197","Mnov_gtseq_17",92,48,164,203,50,78,90,172,116,188,117,85,165,140,165,167,90,189,189,89,91,156,129.272727272727,129.272727272727
"198","Mnov_gtseq_398",0,94,194,64,101,71,139,180,148,237,171,100,136,152,197,229,121,0,163,156,125,148,133,139
"199","Mnov_gtseq_68",141,84,171,130,80,95,105,186,196,177,126,54,93,152,192,179,114,126,107,155,115,149,133.045454545455,130
"200","Mnov_gtseq_174",80,113,251,149,107,94,136,154,210,243,173,54,114,120,126,110,62,140,152,133,130,91,133.727272727273,130
"201","Mnov_gtseq_258",120,113,246,172,62,105,134,148,135,145,132,86,135,132,124,202,87,157,175,142,90,111,134.227272727273,134
"202","Mnov_gtseq_413",79,61,173,142,52,112,108,135,165,196,147,99,141,144,167,189,102,163,163,132,134,156,134.545454545455,141
"203","Mnov_gtseq_475",126,107,199,144,129,139,83,138,153,156,120,110,146,146,91,160,101,160,136,142,159,128,135.136363636364,138
"204","Mnov_gtseq_19",150,76,154,156,95,132,88,172,175,199,141,111,123,147,182,159,100,176,132,106,122,92,135.818181818182,135.818181818182
"205","Mnov_gtseq_461",165,156,171,189,59,154,147,186,164,221,90,0,173,68,95,94,90,159,165,134,141,168,135.863636363636,154
"206","Mnov_gtseq_12",147,109,156,176,82,128,140,167,148,210,154,65,144,116,137,186,87,140,110,125,126,140,136.045454545455,140
"207","Mnov_gtseq_454",145,95,240,230,59,61,104,178,164,80,144,90,154,95,132,183,91,140,199,163,139,107,136.045454545455,139
"208","Mnov_gtseq_65",91,105,230,208,114,65,112,142,170,108,170,95,135,117,130,178,123,152,168,150,143,93,136.318181818182,135
"209","Mnov_gtseq_168",92,81,221,170,46,97,102,141,165,153,181,120,141,144,184,197,109,165,126,138,108,135,137.090909090909,138
"210","Mnov_gtseq_117",99,62,180,188,71,138,111,172,165,171,141,77,135,114,166,235,66,162,184,126,115,140,137.181818181818,138
"211","Mnov_gtseq_265",117,108,216,164,47,102,109,159,188,219,160,65,110,156,151,166,94,140,169,140,138,116,137.909090909091,140
"212","Mnov_gtseq_55",102,70,99,94,58,178,138,177,184,405,201,120,127,157,125,167,68,155,101,118,120,79,138.318181818182,125
"213","Mnov_gtseq_94",156,152,163,120,227,80,113,135,89,239,166,108,121,152,151,208,105,142,110,92,133,100,139.181818181818,135
"214","Mnov_gtseq_462",96,109,239,160,78,129,137,194,185,270,169,71,126,103,106,145,94,142,152,126,140,93,139.272727272727,137
"215","Mnov_gtseq_92",154,68,240,136,106,114,171,129,204,194,182,69,125,121,146,160,60,122,193,110,142,120,139.363636363636,136
"216","Mnov_gtseq_473",123,112,178,204,98,78,62,178,152,241,144,98,155,89,184,196,106,172,155,144,99,103,139.590909090909,144
"217","Mnov_gtseq_209",150,99,283,185,74,90,133,162,190,113,162,75,172,93,84,147,125,162,186,109,160,120,139.727272727273,139.727272727273
"218","Mnov_gtseq_51",102,63,221,211,26,90,146,198,173,225,135,86,151,122,140,195,125,185,169,94,99,124,140,140
"219","Mnov_gtseq_511",118,154,250,177,179,59,129,171,153,150,112,86,145,123,122,178,91,161,156,135,122,113,140.181818181818,140.181818181818
"220","Mnov_gtseq_159",165,114,103,78,249,115,158,132,159,326,139,84,134,171,133,136,45,144,102,116,135,149,140.318181818182,135
"221","Mnov_gtseq_405",102,119,180,172,112,70,106,144,153,206,179,85,186,139,183,189,111,164,151,101,138,104,140.636363636364,140.636363636364
"222","Mnov_gtseq_468",118,78,190,189,52,98,100,169,200,192,197,82,174,138,147,194,89,182,174,109,140,113,142.045454545455,142.045454545455
"223","Mnov_gtseq_273",102,83,199,233,39,74,151,223,218,192,191,68,148,161,96,202,87,154,185,116,87,139,143.090909090909,148
"224","Mnov_gtseq_327",85,100,170,185,61,64,158,122,253,190,118,120,122,174,281,130,80,91,117,235,208,93,143.5,122
"225","Mnov_gtseq_178",112,100,169,207,133,77,122,159,197,195,181,97,146,92,132,190,125,158,195,124,137,133,144.590909090909,137
"226","Mnov_gtseq_148",118,131,215,202,68,126,160,192,183,214,167,84,144,144,145,176,94,127,146,118,133,120,145.772727272727,144
"227","Mnov_gtseq_126",118,139,169,127,144,117,112,155,155,275,115,93,141,155,190,204,89,151,160,134,155,123,146.409090909091,144
"228","Mnov_gtseq_308",161,195,104,193,208,168,128,192,233,364,203,52,144,100,65,0,131,183,156,0,133,141,147.909090909091,147.909090909091
"229","Mnov_gtseq_157",133,110,311,272,81,49,72,172,190,123,144,127,129,103,118,183,114,152,247,178,154,98,148.181818181818,133
"230","Mnov_gtseq_227",183,158,335,248,175,42,131,116,189,147,179,75,194,70,66,99,123,154,208,123,163,107,149.318181818182,149.318181818182
"231","Mnov_gtseq_407",139,89,206,199,68,68,77,214,193,221,230,55,173,158,155,199,128,92,213,152,147,125,150.045454545455,152
"232","Mnov_gtseq_140",136,142,211,201,149,143,86,176,169,222,187,95,114,129,147,170,99,161,149,156,131,134,150.318181818182,149
"233","Mnov_gtseq_139",207,163,356,132,169,138,174,42,232,264,219,57,145,131,46,145,69,128,152,87,101,172,151.318181818182,145
"234","Mnov_gtseq_116",86,68,274,218,49,84,142,182,197,204,170,58,144,146,168,214,109,169,166,140,184,165,151.681818181818,165
"235","Mnov_gtseq_323",153,130,221,179,111,142,155,144,148,204,205,80,172,139,155,195,121,176,176,111,119,150,153.909090909091,153
"236","Mnov_gtseq_145",153,85,82,40,206,226,202,171,199,474,250,55,99,132,183,182,78,126,69,109,115,156,154.181818181818,153
"237","Mnov_gtseq_193",145,114,226,171,117,162,124,196,149,230,171,101,162,160,168,173,92,172,140,139,130,169,155.045454545455,160
"238","Mnov_gtseq_42",141,102,302,178,139,155,122,180,199,209,178,86,131,96,144,173,87,190,170,153,116,165,155.272727272727,155
"239","Mnov_gtseq_255",135,67,212,184,64,137,113,179,149,246,171,90,161,136,161,226,138,203,178,143,158,168,155.409090909091,158
"240","Mnov_gtseq_21",139,164,203,139,248,90,93,196,160,157,214,117,123,114,185,166,132,179,157,140,151,165,156,157
"241","Mnov_gtseq_247",147,120,224,117,166,101,172,198,225,236,203,94,150,133,148,202,114,161,172,92,138,141,157,150
"242","Mnov_gtseq_339",92,89,401,193,49,142,142,195,206,225,177,93,151,116,147,149,74,162,212,141,140,159,157.045454545455,149
"243","Mnov_gtseq_253",144,95,283,256,60,89,144,210,182,145,184,102,154,138,169,201,117,209,148,154,156,129,157.681818181818,154
"244","Mnov_gtseq_379",128,138,251,268,111,115,154,203,180,278,221,88,116,128,137,167,88,145,149,114,146,151,158,146
"245","Mnov_gtseq_529",101,100,245,241,83,41,157,222,229,183,227,67,174,109,147,211,97,183,177,162,170,153,158.136363636364,162
"246","Mnov_gtseq_181",104,101,206,209,124,116,122,217,163,216,177,105,149,144,162,228,109,176,224,154,151,153,159.545454545455,154
"247","Mnov_gtseq_354",134,81,208,149,78,127,288,113,333,181,165,112,83,204,239,115,58,127,129,255,244,94,159.863636363636,134
"248","Mnov_gtseq_128",129,90,234,223,68,127,152,223,223,266,197,82,155,140,171,192,78,169,174,149,139,151,160.545454545455,155
"249","Mnov_gtseq_520",125,100,243,193,90,127,131,139,170,202,216,75,192,156,176,245,129,195,170,172,194,144,162.909090909091,170
"250","Mnov_gtseq_346",87,40,284,246,22,99,137,231,247,206,229,95,172,162,166,219,93,181,163,173,166,167,162.954545454545,166
"251","Mnov_gtseq_60",119,100,296,209,76,135,137,148,196,229,209,82,160,92,189,226,115,197,233,145,139,153,162.954545454545,153
"252","Mnov_gtseq_360",115,130,243,164,133,69,227,156,295,239,128,132,122,199,195,158,102,103,111,255,231,93,163.636363636364,156
"253","Mnov_gtseq_53",138,132,272,185,70,108,124,167,194,298,206,81,172,174,168,220,113,170,183,166,182,184,168.5,170
"254","Mnov_gtseq_368",193,96,299,254,75,111,190,229,200,199,195,132,153,135,163,185,107,210,172,97,134,181,168.636363636364,172
"255","Mnov_gtseq_82",176,120,346,239,129,133,141,225,179,247,230,87,114,95,177,223,87,148,167,170,205,112,170.454545454545,170
"256","Mnov_gtseq_161",148,155,335,275,151,63,140,213,200,154,205,86,246,120,181,190,117,149,237,181,166,94,173,166
"257","Mnov_gtseq_147",111,112,281,228,44,134,148,201,237,213,224,102,179,149,197,203,125,188,195,190,164,191,173.454545454545,188
"258","Mnov_gtseq_373",76,74,311,224,89,95,199,237,203,251,277,80,154,125,163,222,109,188,197,228,183,148,174.227272727273,183
"259","Mnov_gtseq_56",171,133,187,200,206,100,141,214,189,278,213,95,157,142,211,236,123,195,171,146,166,165,174.5,171
"260","Mnov_gtseq_440",215,165,274,235,167,104,147,172,280,109,170,119,177,113,174,197,143,228,218,175,162,100,174.727272727273,172
"261","Mnov_gtseq_335",87,54,395,157,68,58,223,0,130,373,312,56,208,221,107,311,185,172,255,212,196,110,176.818181818182,176.818181818182
"262","Mnov_gtseq_188",176,150,343,269,175,158,161,234,256,324,225,111,149,73,113,103,122,144,172,145,121,171,177.045454545455,161
"263","Mnov_gtseq_342",158,117,335,255,104,144,153,225,252,226,249,91,157,145,171,188,105,158,200,146,191,144,177.909090909091,158
"264","Mnov_gtseq_283",240,148,281,211,227,141,174,224,206,304,171,91,183,126,173,191,103,156,129,153,140,153,178.409090909091,173
"265","Mnov_gtseq_509",114,162,256,230,157,129,148,230,202,211,167,136,184,127,215,212,142,222,208,169,196,116,178.772727272727,178.772727272727
"266","Mnov_gtseq_274",154,70,238,229,55,112,153,232,225,216,226,136,177,168,203,267,137,245,181,174,174,176,179.454545454545,177
"267","Mnov_gtseq_438",151,85,243,268,135,101,163,217,238,247,223,138,211,186,137,175,118,235,190,162,141,189,179.681818181818,179.681818181818
"268","Mnov_gtseq_146",149,105,248,216,70,74,180,235,248,320,229,109,143,135,158,245,169,229,184,201,142,176,180.227272727273,180
"269","Mnov_gtseq_332",161,103,162,254,40,113,215,253,220,235,256,106,222,158,151,294,109,214,221,196,181,101,180.227272727273,181
"270","Mnov_gtseq_204",172,154,337,229,98,151,140,207,246,338,220,97,142,156,137,243,86,186,183,142,142,160,180.272727272727,160
"271","Mnov_gtseq_474",160,119,146,111,215,198,160,232,222,495,242,79,103,162,205,224,85,167,99,208,152,182,180.272727272727,167
"272","Mnov_gtseq_406",139,127,234,181,158,134,160,200,176,225,264,112,184,133,147,259,178,189,209,191,200,174,180.636363636364,180.636363636364
"273","Mnov_gtseq_243",123,96,256,254,114,83,146,244,217,233,239,78,176,184,216,283,120,275,196,156,163,125,180.772727272727,180.772727272727
"274","Mnov_gtseq_149",149,64,295,229,67,124,172,251,213,272,229,74,169,177,201,275,115,196,183,149,209,170,181.045454545455,181.045454545455
"275","Mnov_gtseq_75",157,167,304,168,106,168,174,227,184,261,252,87,188,130,159,206,132,186,194,169,213,187,182.681818181818,182.681818181818
"276","Mnov_gtseq_310",142,102,268,217,134,120,193,202,249,270,219,73,193,158,199,276,113,243,220,157,146,197,185.954545454545,193
"277","Mnov_gtseq_451",153,168,249,230,61,78,130,337,195,285,221,93,195,191,163,292,86,253,268,128,167,152,186.136363636364,186.136363636364
"278","Mnov_gtseq_507",175,180,244,245,204,169,146,223,210,229,224,128,204,171,159,239,124,190,252,109,141,141,186.681818181818,186.681818181818
"279","Mnov_gtseq_446",254,166,262,219,195,138,173,241,244,334,218,104,146,128,198,210,93,162,194,150,132,155,187.090909090909,187.090909090909
"280","Mnov_gtseq_114",136,129,268,207,131,157,135,213,243,314,213,110,191,202,193,253,114,173,192,179,217,166,188,191
"281","Mnov_gtseq_370",138,148,365,272,54,189,163,271,262,283,275,98,197,110,108,209,89,202,189,218,129,190,189.045454545455,189.045454545455
"282","Mnov_gtseq_287",172,144,177,320,116,154,77,280,245,228,234,110,208,177,221,276,150,232,136,187,185,147,189.818181818182,185
"283","Mnov_gtseq_544",187,158,255,196,133,181,150,188,200,283,197,112,167,170,201,272,135,219,207,193,171,218,190.590909090909,190.590909090909
"284","Mnov_gtseq_228",206,116,345,129,155,171,164,201,249,277,267,130,185,153,224,217,102,232,200,207,163,145,192.636363636364,192.636363636364
"285","Mnov_gtseq_478",187,152,395,258,205,166,224,225,266,339,214,75,156,112,142,197,112,184,193,154,157,146,193.590909090909,187
"286","Mnov_gtseq_277",131,93,334,256,63,177,196,280,267,260,304,70,169,154,245,213,111,203,184,140,187,227,193.818181818182,193.818181818182
"287","Mnov_gtseq_471",167,202,316,220,148,140,134,250,218,303,265,109,177,126,201,237,133,243,198,190,159,145,194.590909090909,194.590909090909
"288","Mnov_gtseq_276",230,142,252,234,132,191,199,214,217,264,193,108,193,166,206,221,143,223,210,175,208,202,196.5,202
"289","Mnov_gtseq_401",179,137,312,251,129,224,144,201,253,295,205,140,182,203,203,211,163,235,188,171,165,136,196.681818181818,196.681818181818
"290","Mnov_gtseq_347",180,191,268,181,180,134,152,210,252,301,172,170,209,127,218,286,146,204,215,207,171,185,198.136363636364,191
"291","Mnov_gtseq_431",193,189,275,221,243,150,224,207,173,385,184,125,175,170,205,214,142,218,170,164,189,147,198.318181818182,189
"292","Mnov_gtseq_16",169,107,274,278,96,156,191,251,209,306,244,120,200,165,196,281,129,274,199,142,179,212,199,199
"293","Mnov_gtseq_173",222,204,266,273,170,119,116,203,262,264,186,78,198,198,214,265,141,211,238,188,184,182,199.181818181818,199.181818181818
"294","Mnov_gtseq_38",248,167,309,229,204,74,176,188,241,135,194,198,201,168,232,265,193,205,209,167,238,144,199.318181818182,199.318181818182
"295","Mnov_gtseq_215",146,151,251,215,93,208,208,190,236,319,289,123,184,150,208,250,171,276,211,175,166,176,199.818181818182,199.818181818182
"296","Mnov_gtseq_465",162,171,272,239,113,159,226,226,256,282,260,100,149,205,199,284,176,217,205,180,163,166,200.454545454545,200.454545454545
"297","Mnov_gtseq_232",224,194,226,219,298,113,164,211,263,318,213,146,207,181,164,255,135,187,210,169,183,173,202.409090909091,202.409090909091
"298","Mnov_gtseq_66",176,135,314,269,154,175,181,259,209,246,214,123,200,205,226,275,126,228,219,190,148,196,203.090909090909,203.090909090909
"299","Mnov_gtseq_541",54,203,400,367,14,30,215,330,281,341,308,131,177,112,114,136,127,230,237,239,237,195,203.545454545455,203.545454545455
"300","Mnov_gtseq_356",242,279,422,262,163,135,161,217,241,93,191,144,176,174,185,227,163,251,202,201,231,125,203.863636363636,201
"301","Mnov_gtseq_292",119,133,318,224,137,128,201,213,244,332,303,176,143,100,170,302,190,305,193,160,272,156,205.409090909091,193
"302","Mnov_gtseq_417",142,126,281,272,116,157,223,256,268,308,226,100,234,197,207,276,111,229,236,178,202,201,206.636363636364,207
"303","Mnov_gtseq_97",217,205,141,213,222,142,72,217,238,320,270,143,185,169,235,341,146,264,224,193,242,212,209.590909090909,213
"304","Mnov_gtseq_186",111,162,302,226,158,170,176,210,266,338,228,132,259,160,218,332,153,238,215,171,192,213,210.454545454545,210.454545454545
"305","Mnov_gtseq_218",156,168,362,240,154,95,218,300,286,386,289,92,126,170,196,286,140,230,241,154,166,198,211.5,198
"306","Mnov_gtseq_72",174,143,285,288,223,193,203,323,299,332,288,150,225,136,185,255,170,166,185,196,64,192,212.5,196
"307","Mnov_gtseq_201",155,112,311,316,152,126,219,259,283,274,274,126,218,192,253,267,144,223,243,178,211,174,214.090909090909,218
"308","Mnov_gtseq_318",219,159,418,294,101,231,174,221,276,279,277,122,209,137,215,242,164,212,187,211,184,198,215,212
"309","Mnov_gtseq_127",238,139,239,224,276,163,171,218,244,282,273,133,207,238,214,286,175,201,209,186,225,216,216.227272727273,216.227272727273
"310","Mnov_gtseq_315",164,115,314,318,79,155,194,263,308,294,271,109,208,189,220,281,108,255,214,215,252,242,216.727272727273,216.727272727273
"311","Mnov_gtseq_479",175,120,290,291,94,155,193,284,279,323,237,102,228,210,264,318,135,239,296,170,194,207,218.363636363636,218.363636363636
"312","Mnov_gtseq_522",214,275,378,289,206,103,199,300,243,498,309,98,192,96,131,250,117,202,212,89,244,173,219,212
"313","Mnov_gtseq_225",244,220,286,255,366,99,228,251,262,421,200,94,171,205,195,219,158,168,220,183,182,193,219.090909090909,219
"314","Mnov_gtseq_141",165,170,323,283,84,165,218,257,266,359,278,129,193,199,228,311,165,234,240,196,203,181,220.318181818182,218
"315","Mnov_gtseq_384",135,153,248,270,99,195,247,320,330,365,260,133,251,212,204,260,135,268,272,180,172,191,222.727272727273,222.727272727273
"316","Mnov_gtseq_170",176,118,318,308,115,174,186,267,269,287,272,102,197,175,230,332,140,262,257,227,232,269,223.318181818182,230
"317","Mnov_gtseq_73",173,182,370,307,129,109,171,249,323,183,323,143,226,183,178,255,201,271,247,266,238,195,223.727272727273,223.727272727273
"318","Mnov_gtseq_1",165,125,319,289,99,187,198,252,304,332,286,145,225,184,248,220,157,274,272,228,224,196,224.045454545455,224.045454545455
"319","Mnov_gtseq_189",186,132,436,318,89,162,196,286,295,247,304,115,222,204,210,234,168,223,274,229,213,202,224.772727272727,222
"320","Mnov_gtseq_284",237,208,298,296,256,168,200,267,250,380,270,117,219,161,226,288,150,202,194,167,181,210,224.772727272727,219
"321","Mnov_gtseq_57",212,198,316,246,296,154,205,263,337,397,295,81,176,163,225,231,144,222,178,219,199,202,225.409090909091,219
"322","Mnov_gtseq_460",171,104,363,284,79,182,227,295,265,356,291,101,227,188,271,246,132,259,211,263,258,222,227.045454545455,227.045454545455
"323","Mnov_gtseq_205",298,195,326,234,280,191,269,290,367,397,270,118,186,113,158,218,136,218,185,183,200,165,227.136363636364,218
"324","Mnov_gtseq_548",210,160,384,284,136,175,222,270,294,306,275,116,184,173,237,249,169,245,248,209,229,224,227.227272727273,227.227272727273
"325","Mnov_gtseq_262",156,196,433,254,94,188,244,304,260,310,234,113,235,193,230,318,133,238,243,200,196,228,227.272727272727,230
"326","Mnov_gtseq_234",181,172,313,279,103,164,203,301,252,361,288,149,244,204,242,285,140,223,262,223,264,225,230.818181818182,230.818181818182
"327","Mnov_gtseq_80",221,154,326,250,99,135,224,259,281,341,289,123,218,209,252,377,145,278,273,211,241,210,232.545454545455,232.545454545455
"328","Mnov_gtseq_502",161,185,414,290,128,188,198,286,238,352,274,128,226,169,266,279,159,279,244,237,202,227,233.181818181818,233.181818181818
"329","Mnov_gtseq_363",257,199,314,249,264,227,171,223,223,430,270,136,257,175,232,267,147,268,204,227,210,190,233.636363636364,227
"330","Mnov_gtseq_86",225,122,339,276,187,201,200,341,272,345,305,156,220,234,250,266,131,259,233,210,232,206,236.818181818182,233
"331","Mnov_gtseq_311",245,169,315,269,174,216,184,253,325,303,299,148,248,220,242,338,147,279,263,221,180,179,237.136363636364,242
"332","Mnov_gtseq_124",267,272,274,261,254,155,220,282,241,372,279,128,221,215,202,272,187,246,264,219,230,180,238.227272727273,241
"333","Mnov_gtseq_307",272,168,430,319,167,212,277,322,310,371,267,132,218,192,206,232,129,208,260,196,205,213,241.181818181818,218
"334","Mnov_gtseq_444",264,255,389,354,309,183,114,275,344,399,294,129,185,224,262,286,130,210,230,219,161,169,244.772727272727,244.772727272727
"335","Mnov_gtseq_441",233,239,398,287,257,170,217,314,288,448,267,123,209,170,228,275,117,257,264,234,173,229,245.318181818182,239
"336","Mnov_gtseq_539",213,194,380,362,233,135,199,306,234,402,258,136,234,216,227,283,162,304,238,246,257,228,247.590909090909,234
"337","Mnov_gtseq_187",198,175,451,267,126,178,237,346,329,418,317,187,216,160,224,309,154,274,282,253,273,210,253.818181818182,253
"338","Mnov_gtseq_154",326,227,423,287,328,152,196,303,314,413,338,133,199,182,260,226,184,235,268,228,206,185,255.136363636364,235
"339","Mnov_gtseq_158",175,150,256,402,359,134,134,167,331,547,446,150,276,167,325,182,173,294,139,287,284,238,255.272727272727,255.272727272727
"340","Mnov_gtseq_111",357,267,17,204,397,245,324,332,422,26,399,101,371,356,180,376,2,327,343,1,277,294,255.363636363636,294
"341","Mnov_gtseq_202",218,258,381,338,203,193,223,300,344,429,342,106,208,255,246,313,157,246,239,222,225,176,255.545454545455,246
"342","Mnov_gtseq_400",275,244,484,318,220,191,218,310,306,273,266,136,281,181,270,347,148,236,239,248,226,214,255.954545454545,248
"343","Mnov_gtseq_322",256,239,439,261,277,173,248,268,334,455,314,138,259,173,261,303,122,243,220,227,226,200,256.181818181818,256
"344","Mnov_gtseq_61",193,242,364,300,216,139,219,345,270,412,274,169,242,253,299,343,148,285,297,198,218,220,256.636363636364,253
"345","Mnov_gtseq_210",251,214,409,287,174,188,220,277,291,426,304,176,245,180,263,369,214,260,288,200,202,224,257.363636363636,251
"346","Mnov_gtseq_357",268,178,395,331,138,255,265,321,305,401,261,140,207,200,296,312,165,280,306,269,232,228,261.5,265
"347","Mnov_gtseq_27",224,189,442,334,188,195,228,343,359,392,363,128,249,116,303,306,172,301,261,204,287,231,264.318181818182,261
"348","Mnov_gtseq_391",226,201,437,374,256,260,0,341,134,491,316,157,246,238,321,387,177,130,290,283,267,286,264.454545454545,264.454545454545
"349","Mnov_gtseq_241",236,245,352,309,152,236,212,302,310,475,271,202,254,212,260,360,188,288,259,193,281,233,265,259
"350","Mnov_gtseq_421",252,200,407,332,259,207,259,357,382,405,294,132,217,229,237,308,133,275,260,275,254,165,265.409090909091,259
"351","Mnov_gtseq_434",202,194,372,338,275,237,235,295,357,419,295,159,258,186,327,338,177,281,290,224,234,210,268.318181818182,268.318181818182
"352","Mnov_gtseq_250",217,187,416,330,129,219,270,331,305,453,379,148,285,209,284,297,140,295,316,241,220,239,268.636363636364,270
"353","Mnov_gtseq_302",232,140,360,407,140,126,327,533,326,451,369,96,192,199,212,387,175,407,163,279,158,238,268.954545454545,238
"354","Mnov_gtseq_376",301,232,432,338,275,242,261,303,332,393,301,135,260,213,270,285,168,232,271,203,234,257,269.909090909091,269.909090909091
"355","Mnov_gtseq_328",284,263,385,293,276,219,264,297,358,385,296,144,243,247,333,304,172,223,226,269,215,263,270.863636363636,269
"356","Mnov_gtseq_45",215,231,430,368,239,208,205,379,368,458,335,128,246,265,252,307,183,237,202,265,211,258,272.272727272727,252
"357","Mnov_gtseq_206",259,269,503,402,198,223,220,324,398,280,352,141,253,178,283,293,180,283,253,267,269,215,274.681818181818,269
"358","Mnov_gtseq_386",259,244,429,307,333,214,264,339,297,438,297,192,294,232,248,384,196,269,275,249,286,203,284.045454545455,275
"359","Mnov_gtseq_324",241,203,471,360,214,233,237,354,387,450,351,172,273,212,269,332,181,304,259,267,294,240,286.545454545455,269
"360","Mnov_gtseq_237",285,283,432,314,210,258,296,293,293,517,306,193,223,257,314,343,193,275,233,288,295,216,287.136363636364,287.136363636364
"361","Mnov_gtseq_54",267,249,399,264,494,221,344,281,300,487,344,226,248,237,273,295,238,255,334,190,295,258,295.409090909091,273
"362","Mnov_gtseq_383",266,273,412,321,297,270,228,408,313,448,328,177,279,276,300,351,156,299,278,280,292,277,296.772727272727,292
"363","Mnov_gtseq_309",380,291,475,311,340,205,302,314,396,492,294,160,272,211,287,396,132,301,296,266,262,289,303.272727272727,296
"364","Mnov_gtseq_268",332,259,407,331,267,288,267,328,360,547,383,153,292,208,339,337,147,300,316,238,308,299,304.818181818182,304.818181818182
"365","Mnov_gtseq_341",291,256,448,397,424,164,307,363,354,387,305,208,297,202,312,389,194,391,294,241,281,311,309.818181818182,307
"366","Mnov_gtseq_195",323,293,522,399,296,342,285,345,424,481,259,174,261,266,218,314,207,316,299,259,296,281,311.818181818182,296
"367","Mnov_gtseq_536",299,188,468,363,433,195,314,363,382,577,371,203,288,231,345,373,174,277,264,272,270,260,314.090909090909,299
"368","Mnov_gtseq_84",284,296,484,374,272,335,257,311,436,472,342,199,289,272,274,370,214,331,307,290,325,240,317,307
"369","Mnov_gtseq_275",400,293,532,382,325,304,266,349,307,498,339,194,301,236,322,332,156,247,353,314,270,261,317.318181818182,314
"370","Mnov_gtseq_219",333,261,595,403,303,331,253,355,375,404,350,177,231,219,321,364,194,401,306,288,315,232,318.681818181818,318.681818181818
"371","Mnov_gtseq_26",274,284,544,346,340,291,294,354,453,458,417,174,236,215,325,311,227,287,318,318,293,254,318.772727272727,311
"372","Mnov_gtseq_43",354,309,418,381,367,245,283,387,348,611,337,173,261,237,345,394,174,340,335,272,284,271,323.909090909091,335
"373","Mnov_gtseq_2",381,364,477,411,355,286,316,395,414,416,360,181,304,285,283,379,178,280,313,282,252,267,326.318181818182,316
"374","Mnov_gtseq_137",327,253,475,388,318,221,326,358,364,586,373,215,330,288,319,390,181,368,354,319,296,249,331.727272727273,327
"375","Mnov_gtseq_312",367,306,490,426,269,351,302,357,432,551,395,199,301,242,310,366,219,361,285,320,305,306,339.090909090909,320
"376","Mnov_gtseq_395",283,270,547,486,231,249,329,344,432,429,473,197,325,271,297,417,235,405,347,318,357,279,341.863636363636,329
"377","Mnov_gtseq_523",405,283,555,418,382,299,330,376,451,541,420,192,274,314,336,424,209,354,378,287,303,305,356.181818181818,354
"378","Mnov_gtseq_550",481,337,667,581,205,353,473,494,524,659,433,326,453,438,399,641,315,504,485,362,423,458,455.045454545455,455.045454545455
"379","Mnov_gtseq_530",421,353,803,552,293,429,414,608,542,711,522,242,433,431,455,584,233,459,522,361,391,389,461.272727272727,433
"380","Mnov_gtseq_416",604,554,776,578,438,550,518,608,613,937,646,406,550,521,652,746,418,607,672,526,496,534,588.636363636364,578
"381","Mnov_gtseq_203",668,538,916,1107,335,521,706,848,776,1048,811,418,521,454,619,746,425,716,766,531,630,639,669.954545454545,668
"382","Mnov_gtseq_381",2094,1706,2742,2434,1902,1790,1900,2380,2463,3284,2222,1380,2116,1722,2203,2489,1363,2368,2347,1856,2107,2002,2130.45454545455,2116
"383","Mnov_gtseq_110",2084,1619,3985,3461,986,1722,2617,3662,3705,3658,3562,1583,2611,2354,2875,3504,1829,3335,2947,2698,2929,2622,2743.09090909091,2743.09090909091
"384","Mnov_gtseq_229",5770,5365,5790,5836,4372,5596,5723,5746,5737,5841,5530,5395,5650,5679,5760,5666,5656,5711,5933,5812,5681,5746,5636.13636363636,5711
