"","locus","175371_S14_L001_001.fastq.coverage","175371b_S34_L001_001.fastq.coverage","187857_S15_L001_001.fastq.coverage","187857b_S35_L001_001.fastq.coverage","195776_S16_L001_001.fastq.coverage","195776b_S36_L001_001.fastq.coverage","195777_S17_L001_001.fastq.coverage","195777b_S37_L001_001.fastq.coverage","196887_S18_L001_001.fastq.coverage","196887b_S38_L001_001.fastq.coverage","197665_S19_L001_001.fastq.coverage","197665b_S39_L001_001.fastq.coverage","197682_S20_L001_001.fastq.coverage","197682b_S40_L001_001.fastq.coverage","40513_S1_L001_001.fastq.coverage","40513b_S21_L001_001.fastq.coverage","43475_S2_L001_001.fastq.coverage","43475b_S22_L001_001.fastq.coverage","43839_S3_L001_001.fastq.coverage","43839b_S23_L001_001.fastq.coverage","43980_S4_L001_001.fastq.coverage","43980b_S24_L001_001.fastq.coverage","45331_S5_L001_001.fastq.coverage","45331b_S25_L001_001.fastq.coverage","45401_S6_L001_001.fastq.coverage","45401b_S26_L001_001.fastq.coverage","45405_S7_L001_001.fastq.coverage","45405b_S27_L001_001.fastq.coverage","47854_S8_L001_001.fastq.coverage","47854b_S28_L001_001.fastq.coverage","53100_S9_L001_001.fastq.coverage","53100b_S29_L001_001.fastq.coverage","55903_S10_L001_001.fastq.coverage","55903b_S30_L001_001.fastq.coverage","55931_S11_L001_001.fastq.coverage","55931b_S31_L001_001.fastq.coverage","56392_S12_L001_001.fastq.coverage","56392b_S32_L001_001.fastq.coverage","75696_S13_L001_001.fastq.coverage","75696b_S33_L001_001.fastq.coverage","mean","med"
"1","Mnov_gtseq_137",0,1,0,0,0,0,0,0,0,1,0,0,0,0,0,0,0,0,0,0,0,0,0,0,0,0,0,1,0,0,0,0,0,0,0,1,0,0,0,0,0.1,0
"2","Mnov_gtseq_146",0,0,0,0,0,0,0,0,0,0,0,0,0,0,0,3,0,0,0,0,0,0,0,0,0,1,0,2,0,1,0,0,0,0,0,0,0,0,0,0,0.175,0
"3","Mnov_gtseq_181",0,0,0,0,0,0,0,0,0,1,0,0,0,0,0,2,0,0,0,0,0,0,0,0,0,0,0,2,0,1,0,1,0,0,0,0,0,0,0,0,0.175,0
"4","Mnov_gtseq_177",0,2,0,0,0,0,0,0,0,0,0,0,0,0,0,2,0,0,0,0,0,0,0,0,0,0,0,2,0,4,0,0,0,0,0,0,0,0,0,0,0.25,0
"5","Mnov_gtseq_516",0,0,1,1,0,1,0,0,1,0,0,0,0,0,0,0,0,0,0,0,0,0,1,0,0,0,0,6,0,1,0,0,0,0,1,0,0,0,0,0,0.325,0
"6","Mnov_gtseq_134",0,1,0,0,0,0,0,0,0,1,0,0,0,2,1,2,0,0,0,0,0,1,1,1,0,1,0,3,0,2,0,1,0,1,0,0,0,0,0,0,0.45,0
"7","Mnov_gtseq_168",0,0,0,0,0,0,0,2,0,1,0,1,0,1,0,2,0,0,0,1,0,0,0,0,0,1,0,3,0,11,1,2,0,2,0,1,0,2,0,0,0.775,0
"8","Mnov_gtseq_108",0,4,0,0,0,0,1,0,0,2,0,0,0,1,2,5,0,0,0,2,0,1,0,1,0,2,0,2,1,5,1,3,0,2,1,2,1,1,0,1,1.025,1
"9","Mnov_gtseq_116",0,8,0,0,0,0,0,0,0,1,0,2,0,7,0,2,0,0,1,1,0,0,0,7,0,1,0,7,0,7,0,2,0,7,0,4,0,4,0,0,1.525,0
"10","Mnov_gtseq_536",0,1,0,0,0,0,0,0,0,0,0,8,0,2,1,3,0,0,0,3,1,0,0,0,0,5,1,7,0,14,0,2,0,6,0,4,0,3,0,0,1.525,0
"11","Mnov_gtseq_178",0,6,1,0,0,0,0,0,0,1,0,2,0,0,1,5,0,0,0,1,0,1,0,4,0,2,0,10,0,18,0,3,0,5,1,1,1,2,0,0,1.625,0
"12","Mnov_gtseq_130",0,3,0,2,0,2,0,3,0,0,0,4,0,3,0,5,1,0,0,2,0,1,1,1,0,2,0,6,0,21,0,3,0,6,0,0,0,1,0,0,1.675,0
"13","Mnov_gtseq_111",0,3,1,1,0,1,0,0,0,0,0,5,0,2,0,5,0,0,0,2,0,1,0,2,0,2,2,9,0,23,1,4,0,3,0,2,0,0,0,0,1.725,0
"14","Mnov_gtseq_355",0,4,0,0,0,0,0,0,0,1,0,6,0,1,1,6,0,0,0,1,0,0,0,4,0,1,0,2,0,24,1,5,0,6,0,3,0,3,0,1,1.75,0
"15","Mnov_gtseq_526",0,4,0,1,0,0,0,2,1,3,0,5,0,1,0,2,1,0,0,0,0,1,0,2,0,2,0,18,0,27,2,4,0,4,0,2,0,3,1,0,2.15,1
"16","Mnov_gtseq_159",0,9,0,0,0,0,0,0,0,1,0,7,0,4,0,1,1,0,0,4,1,0,0,3,0,2,0,15,0,18,0,6,0,7,0,8,0,3,0,1,2.275,0
"17","Mnov_gtseq_388",0,2,1,4,0,1,0,0,0,1,0,5,0,0,0,3,0,0,1,5,0,1,0,1,0,4,0,23,0,26,0,8,0,6,0,1,0,2,0,0,2.375,0
"18","Mnov_gtseq_171",1,9,0,3,0,0,0,0,0,0,0,11,0,6,0,2,0,0,0,0,1,0,0,7,0,3,0,19,0,29,0,8,0,11,2,3,0,0,1,1,2.925,0
"19","Mnov_gtseq_324",0,0,0,0,0,0,1,42,6,64,1,0,1,0,0,0,0,0,0,1,0,0,0,0,0,0,0,1,0,1,0,1,0,2,0,0,0,0,0,0,3.025,0
"20","Mnov_gtseq_128",0,18,0,1,0,0,0,0,0,0,0,7,0,7,0,1,0,0,0,1,0,0,0,5,0,3,0,29,0,24,0,7,0,11,0,6,0,3,0,1,3.1,0
"21","Mnov_gtseq_350",0,3,0,2,2,0,0,0,0,2,0,7,0,8,1,3,0,0,0,6,0,1,0,5,0,3,0,22,0,21,0,6,0,18,0,12,0,6,0,1,3.225,0
"22","Mnov_gtseq_465",1,9,1,1,0,0,0,4,0,2,0,6,0,5,1,3,0,0,1,2,0,4,0,9,1,2,0,18,0,30,3,7,0,11,0,5,1,2,0,0,3.225,1
"23","Mnov_gtseq_124",3,13,2,4,0,1,0,2,0,3,1,3,1,4,0,1,2,0,0,4,1,0,0,2,0,5,0,20,1,29,2,9,0,9,0,6,0,4,1,0,3.325,1
"24","Mnov_gtseq_147",0,11,0,2,0,1,0,0,0,3,1,5,0,4,0,1,1,0,1,2,0,3,0,8,0,3,0,19,0,31,0,11,0,17,1,4,0,8,0,2,3.475,1
"25","Mnov_gtseq_529",0,14,0,0,0,0,0,0,0,0,0,9,0,4,0,5,2,0,1,2,0,1,0,9,2,4,0,28,0,26,3,10,0,7,0,5,0,6,1,3,3.55,1
"26","Mnov_gtseq_107",1,26,1,1,0,0,0,0,0,1,0,4,0,9,1,1,0,0,0,5,0,1,0,4,1,2,0,17,0,24,1,7,0,22,0,7,0,6,0,1,3.575,1
"27","Mnov_gtseq_553",0,9,0,4,0,0,0,1,0,1,0,4,0,4,1,3,0,0,0,5,0,3,0,5,0,3,0,37,0,53,0,9,0,8,0,3,1,9,0,0,4.075,0
"28","Mnov_gtseq_404",2,14,2,4,1,0,0,1,0,0,1,10,0,3,0,3,1,0,2,7,2,4,0,1,1,8,0,23,0,38,2,16,0,7,0,2,1,7,3,4,4.25,2
"29","Mnov_gtseq_298",0,9,0,1,0,0,0,0,0,0,0,8,0,6,0,1,0,0,2,7,0,4,0,5,0,4,0,28,0,46,0,3,0,26,0,12,0,10,0,0,4.3,0
"30","Mnov_gtseq_30",2,22,1,3,0,0,0,0,0,0,4,9,4,5,2,3,4,0,0,5,7,1,0,4,3,2,1,19,0,26,0,12,0,14,1,8,0,7,1,2,4.3,2
"31","Mnov_gtseq_180",3,17,0,6,0,0,1,3,0,3,2,3,2,1,1,5,3,0,3,5,4,3,0,6,3,4,1,19,0,40,1,12,0,13,0,5,0,4,0,1,4.35,3
"32","Mnov_gtseq_117",0,17,1,1,0,0,0,0,0,0,0,11,0,6,0,3,0,0,0,4,0,3,0,7,1,6,1,26,1,46,4,9,0,11,2,9,0,7,0,0,4.4,1
"33","Mnov_gtseq_360",0,31,0,2,0,0,0,3,1,4,2,13,0,3,2,2,1,0,0,2,2,2,1,6,0,11,0,27,0,25,0,16,0,9,0,4,0,3,1,9,4.55,2
"34","Mnov_gtseq_368",1,10,0,3,0,0,0,4,0,2,1,7,0,3,1,5,0,0,0,2,1,4,0,3,1,3,0,32,0,64,2,12,0,15,0,4,0,2,0,2,4.6,1
"35","Mnov_gtseq_188",0,6,0,4,0,1,0,1,0,4,0,7,0,3,1,6,0,0,0,5,0,2,0,3,0,5,0,37,0,65,0,12,0,14,0,8,0,3,0,1,4.7,1
"36","Mnov_gtseq_546",2,9,1,1,0,1,0,5,0,0,3,8,0,5,1,9,0,0,2,2,1,4,0,5,0,3,0,25,1,62,0,16,0,17,0,4,0,5,1,0,4.825,1
"37","Mnov_gtseq_148",0,14,0,7,0,0,0,1,1,3,0,8,0,3,1,1,1,0,1,4,1,4,0,10,1,6,0,34,0,49,2,13,0,24,1,8,1,5,0,2,5.15,1
"38","Mnov_gtseq_438",0,13,0,2,0,0,0,1,0,0,0,14,1,4,0,5,0,0,1,10,0,3,0,10,0,9,0,42,0,33,0,15,0,20,0,9,0,12,0,2,5.15,0
"39","Mnov_gtseq_442",0,37,1,0,0,0,0,0,0,0,0,1,0,6,0,0,0,0,0,1,0,0,0,16,0,5,0,42,0,16,0,14,0,30,0,14,0,24,0,1,5.2,0
"40","Mnov_gtseq_408",0,38,0,1,0,0,0,0,0,0,0,9,0,10,0,3,0,0,0,5,1,1,0,21,1,2,0,20,0,19,0,9,0,38,0,16,0,13,0,2,5.225,0
"41","Mnov_gtseq_431",2,15,1,7,0,1,0,3,0,4,2,13,0,4,2,3,4,0,2,5,2,7,3,7,2,5,0,33,1,43,1,4,0,17,0,8,2,4,2,5,5.35,3
"42","Mnov_gtseq_191",0,16,1,5,0,2,0,0,0,3,3,12,1,7,0,2,3,0,0,10,11,3,0,8,2,15,0,46,1,29,1,0,0,5,0,0,0,19,1,10,5.4,2
"43","Mnov_gtseq_354",0,40,2,3,0,0,0,2,0,5,2,15,0,1,0,1,3,0,0,6,1,5,0,4,0,9,0,15,0,60,2,13,0,24,0,7,0,9,0,0,5.725,1
"44","Mnov_gtseq_421",2,16,4,6,1,2,1,2,0,6,0,10,1,10,4,10,3,0,2,7,0,3,4,14,2,5,1,32,0,37,3,9,0,19,0,5,0,4,0,4,5.725,3
"45","Mnov_gtseq_359",0,22,2,2,1,0,0,2,0,0,0,14,0,8,0,0,0,0,0,3,2,1,0,12,1,4,0,54,0,67,1,14,0,19,0,4,0,2,0,2,5.925,1
"46","Mnov_gtseq_192",0,33,0,2,0,0,0,0,0,0,0,17,0,11,0,1,0,0,0,6,1,4,0,10,2,14,0,37,0,30,2,18,0,12,0,9,0,19,0,12,6,0
"47","Mnov_gtseq_550",0,32,1,5,0,1,0,0,0,2,1,17,0,8,1,3,1,0,3,6,4,2,0,8,1,6,0,47,0,53,0,7,0,23,0,9,0,8,0,4,6.325,1
"48","Mnov_gtseq_118",1,26,0,3,0,1,0,12,0,2,3,12,1,4,2,12,4,0,0,14,0,6,0,7,1,9,1,36,0,69,1,7,0,26,0,4,1,3,0,4,6.8,2
"49","Mnov_gtseq_373",0,21,0,1,0,0,0,0,0,2,0,34,0,7,0,3,3,0,1,9,0,6,0,14,1,6,0,52,0,78,2,12,0,17,1,7,0,7,0,1,7.125,1
"50","Mnov_gtseq_515",0,30,2,2,0,1,0,9,0,3,4,26,1,5,1,4,6,0,7,13,3,3,1,10,3,9,1,32,0,69,3,19,0,7,0,3,1,7,2,4,7.275,3
"51","Mnov_gtseq_217",0,41,0,2,0,1,0,0,0,0,0,21,0,18,2,2,0,0,0,6,0,6,0,22,0,6,0,43,0,59,1,10,0,21,0,24,0,11,0,2,7.45,0
"52","Mnov_gtseq_471",0,25,1,4,2,0,0,0,0,0,0,21,0,15,0,2,0,0,0,9,1,1,0,24,0,6,0,50,0,61,2,9,0,31,0,22,1,11,0,2,7.5,1
"53","Mnov_gtseq_371",0,24,1,2,0,1,0,0,1,4,0,15,1,11,0,4,3,0,1,6,0,6,0,4,0,9,0,61,0,117,0,6,0,17,0,8,0,9,1,2,7.85,1
"54","Mnov_gtseq_115",0,59,1,4,0,0,0,0,0,0,0,19,0,19,1,1,0,0,5,3,4,1,0,28,2,5,0,36,0,18,1,15,0,43,0,19,0,39,0,5,8.2,1
"55","Mnov_gtseq_386",0,26,1,4,0,2,0,1,0,4,0,22,1,14,2,4,1,0,1,3,3,12,0,7,2,9,0,60,0,92,0,12,0,32,0,15,1,7,0,3,8.525,2
"56","Mnov_gtseq_106",0,25,1,3,0,0,0,0,0,3,2,22,0,6,0,7,0,0,2,9,0,4,0,19,1,7,0,50,0,101,1,19,0,29,0,22,0,10,0,1,8.6,1
"57","Mnov_gtseq_419",0,20,1,5,0,4,0,7,0,3,3,15,0,10,0,8,0,0,3,19,1,11,0,14,3,5,1,57,0,88,1,19,0,25,1,9,1,12,2,0,8.7,3
"58","Mnov_gtseq_417",0,41,0,3,0,0,0,0,0,3,1,17,0,4,0,2,0,0,0,6,1,1,0,14,1,13,0,60,0,88,1,26,0,29,0,12,0,26,0,1,8.75,1
"59","Mnov_gtseq_317",0,28,2,3,0,0,0,1,1,4,0,14,0,15,4,3,1,0,0,7,2,6,1,22,0,6,1,55,0,92,1,20,0,38,1,18,0,10,1,2,8.975,2
"60","Mnov_gtseq_3",0,2,0,30,0,0,0,0,1,44,0,0,34,30,0,0,0,0,54,0,85,0,0,0,0,0,0,1,0,2,0,1,0,0,0,38,0,39,0,0,9.025,0
"61","Mnov_gtseq_506",6,28,5,7,0,4,0,11,1,8,19,13,4,6,2,9,7,0,5,12,7,8,1,9,4,4,3,48,0,58,1,28,0,19,0,11,2,8,5,6,9.225,6
"62","Mnov_gtseq_391",15,5,7,14,0,13,0,11,0,12,10,20,7,7,0,10,18,0,0,13,10,8,2,24,0,33,0,66,1,9,2,5,0,21,2,0,1,9,11,10,9.4,8
"63","Mnov_gtseq_173",0,28,1,4,1,1,0,4,0,7,2,21,0,4,1,3,2,0,0,13,3,10,0,16,0,6,0,79,0,117,0,21,0,14,0,16,0,7,0,2,9.575,2
"64","Mnov_gtseq_114",0,25,0,13,1,0,0,5,1,6,2,36,0,9,2,5,2,0,4,13,6,4,2,23,2,14,0,67,0,73,1,22,0,36,0,17,1,17,1,4,10.35,4
"65","Mnov_gtseq_245",0,44,2,4,0,0,0,1,0,6,4,18,2,10,1,8,0,0,5,15,4,6,1,21,3,10,1,76,0,100,0,20,0,25,2,20,1,13,2,2,10.675,3
"66","Mnov_gtseq_517",0,29,2,6,0,0,0,3,0,7,1,30,1,10,0,4,2,0,2,11,5,5,1,16,1,15,0,84,0,112,0,24,0,28,0,23,0,18,0,2,11.05,2
"67","Mnov_gtseq_310",1,57,2,8,0,0,0,0,0,3,0,22,0,16,1,8,2,0,1,19,3,6,0,27,1,16,0,64,1,86,0,19,0,37,0,24,0,20,0,6,11.25,2
"68","Mnov_gtseq_301",0,33,2,10,0,3,0,6,1,4,2,22,2,17,0,7,3,0,2,17,3,6,0,28,2,19,3,71,0,111,1,12,0,35,0,12,1,13,0,3,11.275,3
"69","Mnov_gtseq_348",1,55,0,9,0,1,0,3,0,2,1,21,4,13,0,8,2,0,4,20,1,7,1,22,0,8,0,68,0,111,0,28,0,36,0,24,1,17,1,1,11.75,2
"70","Mnov_gtseq_129",0,40,1,12,1,0,0,6,0,3,3,26,1,8,0,9,3,0,6,19,2,6,1,15,2,9,1,77,1,157,4,29,0,34,0,16,2,16,2,7,12.975,3
"71","Mnov_gtseq_139",3,37,6,25,1,8,1,14,0,24,6,26,8,15,4,16,8,0,4,20,9,33,2,25,7,10,0,42,1,61,7,17,0,32,1,20,3,10,4,11,13.025,8
"72","Mnov_gtseq_253",0,56,0,10,0,1,0,1,0,5,4,29,2,14,0,5,3,0,2,16,5,12,0,17,1,13,1,78,0,161,1,26,0,32,0,11,0,11,0,7,13.1,3
"73","Mnov_gtseq_154",3,65,10,29,2,0,0,2,0,9,5,29,6,10,2,8,2,0,2,9,21,13,1,12,6,21,0,74,0,67,0,45,0,20,1,18,1,16,4,12,13.125,6
"74","Mnov_gtseq_511",0,66,0,8,0,0,0,0,0,1,1,32,0,15,0,2,5,0,1,12,5,7,0,32,1,25,0,95,0,125,5,15,0,35,0,15,0,20,1,6,13.25,1
"75","Mnov_gtseq_337",0,64,0,7,0,0,0,0,0,2,1,27,1,24,0,5,0,0,0,17,1,4,0,27,0,10,0,87,0,145,1,19,0,47,1,17,0,25,0,3,13.375,1
"76","Mnov_gtseq_275",0,84,1,7,1,1,0,1,0,2,2,28,0,12,1,7,3,0,0,6,2,6,0,43,3,5,1,76,0,125,1,9,0,58,0,31,0,20,0,8,13.6,2
"77","Mnov_gtseq_304",0,12,0,5,0,0,0,0,0,0,1,81,1,46,0,1,0,0,1,7,8,2,0,7,0,14,0,13,0,213,5,3,0,81,0,2,0,37,0,6,13.65,1
"78","Mnov_gtseq_400",1,67,0,6,1,0,0,1,0,4,0,31,2,14,1,6,1,0,2,9,4,4,0,32,1,10,0,105,0,165,3,21,0,39,0,14,2,9,0,7,14.05,2
"79","Mnov_gtseq_364",0,43,1,10,0,1,0,2,0,4,0,28,0,14,0,4,0,0,2,22,2,10,0,22,4,10,1,98,0,163,0,24,0,57,0,21,0,20,0,5,14.2,2
"80","Mnov_gtseq_144",0,50,3,8,1,1,0,0,0,1,2,33,1,17,0,11,4,0,1,22,2,12,0,0,0,6,0,111,0,196,2,14,0,46,0,7,0,26,0,2,14.475,2
"81","Mnov_gtseq_420",0,49,1,5,0,0,0,0,0,2,1,23,0,31,0,8,3,0,5,22,10,0,0,50,3,9,0,132,0,90,1,15,0,49,0,35,0,30,0,10,14.6,2
"82","Mnov_gtseq_231",0,82,1,11,0,0,0,0,0,3,1,36,0,15,0,0,0,0,3,14,3,6,2,53,2,6,0,83,0,143,0,24,0,66,0,13,1,21,2,4,14.875,2
"83","Mnov_gtseq_514",1,42,5,21,0,3,0,5,0,10,6,38,3,6,0,5,5,0,6,22,3,10,0,22,2,10,0,107,2,175,3,25,0,37,1,16,2,9,3,9,15.35,5
"84","Mnov_gtseq_44",0,70,0,8,0,0,0,1,0,0,2,20,0,13,0,8,2,0,2,18,9,6,0,33,1,15,0,124,0,151,0,41,0,31,0,35,0,29,0,0,15.475,1
"85","Mnov_gtseq_151",5,85,5,21,1,1,0,7,0,5,7,36,7,8,1,3,9,0,11,16,34,8,1,22,10,21,0,75,0,91,0,44,0,22,0,3,1,28,8,26,15.55,7
"86","Mnov_gtseq_230",3,117,0,11,0,1,0,4,0,5,2,38,1,21,0,5,4,0,7,34,4,22,2,25,10,28,0,62,0,88,1,17,0,51,2,18,2,13,4,22,15.6,4
"87","Mnov_gtseq_454",0,61,0,10,0,1,0,2,0,6,2,31,1,19,0,8,1,0,4,22,3,9,0,36,1,13,0,90,0,191,2,29,0,35,0,21,0,31,1,5,15.875,2
"88","Mnov_gtseq_520",3,54,3,23,0,1,0,5,0,5,3,58,4,18,1,10,2,0,2,15,9,8,0,17,4,16,0,126,0,112,3,47,0,38,0,26,0,17,5,10,16.125,5
"89","Mnov_gtseq_342",1,51,1,7,0,3,0,5,0,3,0,22,0,16,1,5,1,1,3,21,3,10,0,24,1,20,1,120,1,217,0,30,0,42,0,20,0,20,1,2,16.325,3
"90","Mnov_gtseq_521",1,75,2,18,0,1,0,1,1,6,11,42,5,6,1,9,8,0,9,17,17,9,0,23,12,11,0,110,0,151,1,36,0,36,0,12,0,12,8,3,16.35,8
"91","Mnov_gtseq_346",1,64,0,9,0,2,0,5,0,6,2,42,0,14,2,8,4,0,5,24,8,7,0,25,2,20,0,108,0,198,2,26,0,39,0,11,0,20,1,3,16.45,4
"92","Mnov_gtseq_127",0,89,1,10,0,0,0,0,0,0,0,37,0,15,0,4,2,0,3,19,13,5,0,24,1,12,0,125,0,140,0,38,0,61,0,28,0,25,0,8,16.5,1
"93","Mnov_gtseq_340",0,40,0,15,0,0,1,5,0,6,1,47,4,17,0,4,1,0,6,23,5,11,0,19,2,18,0,132,0,181,2,42,0,36,1,22,0,14,2,6,16.575,4
"94","Mnov_gtseq_410",0,43,1,12,0,3,0,11,0,5,5,44,3,17,1,9,8,0,4,20,2,16,0,22,2,14,0,106,0,208,3,38,0,27,0,14,4,11,5,6,16.6,5
"95","Mnov_gtseq_361",2,60,8,8,3,0,0,2,0,2,2,36,0,40,0,4,1,0,3,25,1,3,0,30,0,21,1,102,0,125,8,27,0,78,4,34,6,31,0,4,16.775,3
"96","Mnov_gtseq_473",1,76,4,12,0,0,0,6,2,15,10,38,3,21,0,9,7,0,6,24,4,14,1,27,7,11,1,110,0,175,1,22,0,35,0,14,0,15,2,3,16.9,6
"97","Mnov_gtseq_262",0,72,6,13,1,6,0,9,0,11,4,41,2,7,1,8,9,0,9,16,8,20,1,28,3,19,0,92,0,166,1,32,0,53,0,23,0,19,1,5,17.15,7
"98","Mnov_gtseq_462",0,79,3,10,0,1,0,2,0,7,3,29,3,13,1,10,2,0,1,29,5,10,1,26,2,12,0,118,0,216,1,24,0,52,0,8,0,12,4,4,17.2,3
"99","Mnov_gtseq_353",4,50,1,17,2,2,0,4,0,9,2,27,4,13,0,9,5,0,4,18,6,9,1,23,1,18,0,146,1,208,1,33,0,31,0,16,2,14,1,8,17.25,4
"100","Mnov_gtseq_270",0,94,2,15,0,0,0,0,0,1,0,51,1,34,0,2,0,0,7,11,5,3,0,35,2,19,0,155,0,137,0,21,0,36,0,26,1,33,0,10,17.525,2
"101","Mnov_gtseq_174",1,85,2,8,0,1,0,3,0,6,3,44,1,17,2,4,3,0,4,16,1,15,0,31,2,16,0,102,0,214,3,24,0,55,2,13,0,18,2,6,17.6,3
"102","Mnov_gtseq_522",1,58,2,14,0,3,2,7,0,7,6,31,0,11,1,7,7,0,7,20,6,16,3,23,0,17,0,117,0,220,1,36,0,43,1,13,1,12,4,8,17.625,7
"103","Mnov_gtseq_247",0,60,2,18,0,2,0,0,1,8,3,34,0,16,1,9,4,0,4,21,9,13,1,34,0,27,2,110,0,219,2,24,0,52,1,25,0,16,1,12,18.275,4
"104","Mnov_gtseq_288",0,135,1,5,0,0,0,0,0,0,1,37,0,32,0,4,0,1,0,22,6,2,0,61,6,2,0,117,0,118,0,22,0,105,0,44,0,38,2,6,19.175,1
"105","Mnov_gtseq_264",0,135,2,6,0,0,0,0,0,1,2,25,0,22,0,7,1,0,2,29,2,5,0,53,2,16,0,114,0,159,2,22,0,88,0,40,0,28,2,10,19.375,2
"106","Mnov_gtseq_446",3,77,1,8,0,0,0,7,0,9,9,53,5,15,1,10,17,0,10,12,10,15,1,25,6,21,0,130,0,211,1,26,0,39,0,23,1,19,5,8,19.45,8
"107","Mnov_gtseq_311",0,70,0,9,1,0,0,3,0,9,4,35,1,23,3,3,4,1,6,27,15,10,0,24,5,24,0,148,0,219,4,37,0,53,0,12,1,20,4,11,19.65,4
"108","Mnov_gtseq_80",1,51,5,26,0,5,0,5,1,11,7,25,2,23,1,7,7,0,5,26,5,21,2,24,0,13,1,139,0,241,3,44,0,40,1,30,0,14,3,5,19.85,5
"109","Mnov_gtseq_214",0,86,1,11,0,0,0,4,0,1,3,45,3,22,0,0,1,0,6,14,6,9,0,33,2,17,0,145,0,246,1,24,0,60,0,31,0,17,2,9,19.975,3
"110","Mnov_gtseq_415",0,87,1,13,0,0,0,4,0,5,1,36,0,15,0,9,0,0,5,29,4,7,0,36,3,23,0,137,0,222,0,44,0,61,0,25,0,30,1,6,20.1,4
"111","Mnov_gtseq_352",3,76,1,15,1,4,1,5,0,8,4,46,2,16,3,4,9,0,6,23,5,13,0,27,2,15,0,126,0,240,1,39,0,59,0,26,0,26,3,9,20.45,5
"112","Mnov_gtseq_125",0,61,5,18,0,1,0,6,1,9,6,62,2,13,2,6,9,0,11,30,10,24,0,35,9,15,1,151,0,210,3,38,0,39,0,24,1,18,5,8,20.825,8
"113","Mnov_gtseq_307",1,64,3,11,2,3,0,3,1,11,5,49,4,20,2,9,4,0,16,28,13,12,0,38,4,9,0,120,0,275,1,34,0,57,0,20,1,11,2,4,20.925,4
"114","Mnov_gtseq_145",12,58,14,21,2,11,1,31,1,23,22,31,6,21,5,22,11,0,10,22,7,22,2,15,7,30,3,105,0,192,6,36,0,35,1,22,5,25,8,6,21.275,12
"115","Mnov_gtseq_406",0,127,0,8,0,0,0,0,0,1,4,57,4,34,2,9,4,0,9,28,4,5,1,25,12,16,0,159,0,211,1,30,0,49,1,26,0,24,0,7,21.45,4
"116","Mnov_gtseq_390",1,77,2,13,0,2,0,6,0,9,13,57,5,18,2,5,10,0,6,18,7,20,3,38,3,20,0,125,0,235,3,35,0,61,1,35,2,17,6,16,21.775,6
"117","Mnov_gtseq_437",0,90,5,23,1,0,0,0,0,6,6,48,1,24,0,8,7,0,6,23,6,15,2,36,5,22,0,129,1,264,3,30,0,42,0,21,1,35,2,11,21.825,6
"118","Mnov_gtseq_383",0,74,1,14,0,0,0,4,0,6,0,61,8,25,0,11,2,0,4,20,3,17,1,34,7,15,1,135,0,262,1,50,0,64,1,32,1,12,3,10,21.975,4
"119","Mnov_gtseq_273",0,116,2,17,0,3,0,5,0,16,4,46,3,23,0,7,9,0,6,35,12,18,0,42,5,17,0,149,0,167,2,54,0,61,1,30,0,14,7,12,22.075,7
"120","Mnov_gtseq_135",5,66,3,16,0,3,0,14,0,10,5,45,9,12,3,11,19,0,15,29,13,23,1,26,11,27,0,126,1,258,3,36,0,51,0,16,1,15,6,8,22.175,11
"121","Mnov_gtseq_509",1,80,1,12,0,0,0,0,0,2,1,51,1,38,2,4,1,0,3,17,4,7,0,51,0,14,0,170,0,240,2,37,0,90,0,21,2,29,0,6,22.175,2
"122","Mnov_gtseq_463",0,116,5,19,1,2,0,4,0,7,6,62,7,24,1,3,9,0,11,22,7,16,0,40,5,16,0,132,0,226,2,27,0,54,0,34,0,16,5,18,22.425,7
"123","Mnov_gtseq_5",1,63,0,15,1,1,0,3,0,4,0,46,1,17,0,15,7,0,6,37,4,9,0,34,0,22,0,178,0,281,1,37,0,65,0,22,0,23,2,8,22.575,4
"124","Mnov_gtseq_152",2,87,6,12,3,1,0,5,0,7,9,47,4,12,1,8,6,0,5,26,6,14,2,22,6,24,0,175,1,250,2,37,0,59,1,25,1,26,7,8,22.675,6
"125","Mnov_gtseq_283",0,106,4,18,2,3,0,3,0,15,4,67,1,26,3,6,5,0,11,35,9,23,1,39,7,28,2,114,0,146,4,42,0,81,3,39,1,39,8,12,22.675,7
"126","Mnov_gtseq_549",3,69,3,13,1,6,0,4,0,18,11,44,6,36,5,12,5,0,5,21,9,10,1,35,6,17,2,145,1,224,7,37,0,64,1,42,1,23,11,13,22.775,9
"127","Mnov_gtseq_447",4,84,8,21,3,3,0,14,0,32,19,31,12,29,4,14,10,0,13,35,17,21,2,35,10,26,0,122,1,205,2,40,0,37,3,21,2,16,15,9,23,14
"128","Mnov_gtseq_189",1,96,3,12,0,2,0,1,0,6,3,41,1,43,2,7,3,0,4,30,4,28,1,54,4,32,0,167,0,229,4,25,0,63,1,30,0,20,1,11,23.225,4
"129","Mnov_gtseq_234",0,125,0,9,0,0,0,0,0,2,0,37,1,37,1,5,3,0,5,23,4,7,1,56,3,22,1,167,0,236,2,29,0,83,0,29,0,36,0,9,23.325,3
"130","Mnov_gtseq_377",0,89,1,8,2,0,0,1,0,1,1,41,2,32,6,2,3,0,2,22,3,5,1,39,3,25,1,166,0,286,1,25,0,83,1,30,1,40,5,8,23.4,3
"131","Mnov_gtseq_545",5,74,1,15,0,5,0,11,0,12,8,50,6,21,1,9,8,0,7,30,13,23,2,44,3,23,0,138,1,274,2,29,0,62,0,20,0,27,7,5,23.4,8
"132","Mnov_gtseq_186",8,84,9,19,0,5,1,28,0,15,28,35,12,14,5,8,22,0,15,25,17,23,2,22,8,29,2,117,0,261,2,38,0,40,0,19,3,22,12,7,23.925,14
"133","Mnov_gtseq_143",4,100,7,20,0,8,0,9,0,9,18,34,19,14,3,15,23,0,29,19,29,21,4,24,20,15,1,130,0,261,1,31,0,33,2,17,0,12,14,12,23.95,14
"134","Mnov_gtseq_370",5,69,2,23,0,16,2,27,0,16,10,48,5,15,2,11,7,0,8,20,5,23,1,30,1,16,1,148,1,299,5,43,0,47,0,24,1,23,3,4,24.025,8
"135","Mnov_gtseq_414",0,72,0,24,0,2,0,0,0,8,0,44,1,43,0,5,0,0,0,39,3,16,0,62,3,21,0,177,0,202,0,54,0,82,0,52,1,54,0,5,24.25,2
"136","Mnov_gtseq_213",1,145,3,20,1,0,0,1,0,3,2,50,2,29,2,3,9,1,3,23,12,9,2,59,7,20,0,174,0,237,6,23,0,69,1,24,0,19,3,10,24.325,3
"137","Mnov_gtseq_167",4,80,2,25,2,4,1,13,0,15,12,47,9,12,3,15,14,0,11,36,11,27,4,37,10,17,0,155,0,277,3,46,0,48,3,15,2,19,1,7,24.675,11
"138","Mnov_gtseq_182",0,106,3,8,1,0,0,1,0,8,0,51,0,28,0,7,6,0,5,22,11,21,0,50,2,15,0,189,0,228,0,48,0,99,0,37,0,34,2,9,24.775,5
"139","Mnov_gtseq_260",2,105,9,24,0,3,3,15,0,15,13,26,17,15,3,5,27,0,23,19,27,18,0,31,15,13,1,141,1,295,4,39,0,38,0,18,1,14,15,4,24.975,15
"140","Mnov_gtseq_156",0,148,0,10,0,0,0,0,0,4,0,48,0,50,0,2,1,0,1,27,0,9,0,76,4,21,1,156,0,205,0,33,0,93,0,58,1,43,1,10,25.05,1
"141","Mnov_gtseq_48",5,143,2,12,0,3,0,8,0,14,21,55,5,17,0,10,26,0,10,31,15,35,0,26,11,27,0,138,0,247,2,32,0,64,1,17,1,13,8,13,25.3,11
"142","Mnov_gtseq_507",4,102,6,13,1,5,1,16,1,21,19,47,6,19,1,15,12,0,13,35,18,19,4,37,15,26,1,130,1,276,0,44,0,52,2,17,1,16,9,9,25.35,13
"143","Mnov_gtseq_309",1,61,4,23,0,4,1,1,0,28,4,64,1,89,5,29,4,0,6,50,9,42,2,48,4,39,4,93,1,124,1,47,0,76,1,86,1,42,3,24,25.55,5
"144","Mnov_gtseq_441",7,79,6,19,0,6,1,15,2,19,13,56,2,33,7,10,12,1,9,19,7,24,6,40,7,22,2,158,2,262,6,52,0,54,2,25,2,19,6,10,25.55,10
"145","Mnov_gtseq_327",1,168,3,11,0,3,1,8,0,10,8,79,5,24,1,8,12,0,7,60,10,26,1,35,7,33,0,124,0,233,3,22,0,90,1,12,4,20,3,11,26.1,8
"146","Mnov_gtseq_448",0,156,0,16,2,0,0,0,1,4,5,67,3,39,1,12,3,1,4,20,8,14,1,60,1,24,0,165,0,230,2,29,0,94,0,49,1,31,2,11,26.4,4
"147","Mnov_gtseq_223",0,156,3,29,1,5,0,4,0,8,18,59,9,23,4,7,6,0,8,18,17,20,0,64,13,28,0,140,0,224,3,33,0,77,0,31,2,29,10,11,26.5,9
"148","Mnov_gtseq_166",1,143,7,17,0,8,1,14,2,32,17,78,1,12,1,17,16,0,10,43,9,25,2,30,10,35,0,115,0,217,6,39,0,89,1,25,1,20,3,22,26.725,12
"149","Mnov_gtseq_326",2,181,7,22,0,1,0,1,0,1,12,79,8,24,1,4,7,0,9,26,21,22,0,58,29,27,0,171,0,185,3,40,0,56,1,26,0,29,3,17,26.825,8
"150","Mnov_gtseq_155",1,70,3,24,0,6,0,19,0,16,8,42,1,15,2,16,6,0,6,28,13,22,0,23,7,33,0,198,0,348,1,66,0,51,1,28,2,20,2,4,27.05,7
"151","Mnov_gtseq_51",0,77,1,19,0,1,0,4,0,8,3,51,5,26,0,7,5,0,3,35,10,13,0,50,2,29,0,203,0,376,0,27,0,65,0,31,0,28,2,6,27.175,5
"152","Mnov_gtseq_532",0,154,1,9,1,1,0,0,0,3,4,82,2,29,3,4,3,0,4,31,5,15,1,57,4,25,0,180,0,264,2,33,0,70,0,32,0,61,4,11,27.375,4
"153","Mnov_gtseq_548",1,139,2,13,0,5,1,5,1,13,7,42,6,22,2,2,1,0,12,37,15,17,0,45,12,25,0,169,2,325,0,64,0,32,0,33,3,33,8,10,27.6,8
"154","Mnov_gtseq_17",2,108,1,27,0,6,0,16,0,23,10,77,1,41,1,5,4,0,14,38,6,31,0,47,2,36,1,96,0,303,1,57,0,80,1,36,0,31,1,2,27.625,6
"155","Mnov_gtseq_281",4,144,8,20,0,0,0,5,0,6,31,64,25,17,1,10,33,0,46,28,37,16,9,48,65,24,1,128,0,169,0,25,0,43,1,17,2,19,29,37,27.8,17
"156","Mnov_gtseq_444",3,55,15,44,1,8,1,11,1,41,12,63,4,58,5,31,6,0,7,57,8,53,0,68,5,63,0,103,1,134,4,76,0,55,1,66,2,33,8,16,27.975,11
"157","Mnov_gtseq_478",1,113,2,30,0,0,0,12,0,16,12,59,7,23,1,11,6,0,4,27,18,26,0,35,8,22,0,177,2,339,1,50,0,67,0,19,2,19,7,6,28.05,8
"158","Mnov_gtseq_228",1,90,1,30,0,3,0,3,0,13,4,77,3,42,1,6,2,0,4,36,16,23,0,68,1,43,1,218,0,206,0,51,0,92,0,47,0,49,0,9,28.5,4
"159","Mnov_gtseq_63",4,141,14,26,0,1,0,3,0,14,18,82,25,17,3,8,26,0,24,26,86,14,3,48,58,35,0,137,0,100,0,80,0,39,0,34,0,27,25,27,28.625,18
"160","Mnov_gtseq_40",3,98,10,29,0,4,0,10,1,14,23,53,16,19,0,13,34,0,13,29,18,28,5,38,9,23,0,199,0,313,2,35,0,54,1,23,0,19,8,14,28.95,14
"161","Mnov_gtseq_161",3,133,5,14,0,1,0,1,0,7,5,129,0,44,3,7,10,0,15,23,15,7,1,63,13,21,0,206,0,203,7,36,0,68,1,54,3,48,5,19,29.25,7
"162","Mnov_gtseq_539",7,95,14,31,0,0,1,9,0,32,11,21,40,27,2,14,20,0,44,37,25,39,5,56,18,12,0,162,0,276,2,12,0,27,1,40,2,14,48,26,29.25,14
"163","Mnov_gtseq_112",2,86,10,21,1,6,0,15,1,26,13,39,8,24,0,8,11,0,5,35,10,23,0,37,6,20,0,223,1,392,4,58,0,41,0,21,0,26,8,6,29.675,10
"164","Mnov_gtseq_22",0,143,0,24,0,3,0,2,0,7,4,56,13,28,0,9,11,0,16,29,16,15,0,36,4,26,1,178,0,394,0,55,0,50,0,32,2,22,4,11,29.775,9
"165","Mnov_gtseq_113",1,172,7,18,0,0,0,3,1,3,6,53,1,40,0,4,6,0,5,39,10,9,1,66,3,37,1,184,0,251,5,35,0,123,1,38,1,55,8,12,29.975,6
"166","Mnov_gtseq_320",1,153,4,17,1,0,0,2,0,6,0,57,0,37,4,3,5,0,5,44,7,10,0,70,6,27,0,208,0,291,2,35,0,126,0,42,0,38,0,6,30.175,5
"167","Mnov_gtseq_322",2,151,1,18,2,1,0,4,1,13,9,78,8,29,3,9,13,0,15,24,20,23,2,65,35,37,1,197,0,259,2,32,0,71,1,36,1,25,8,18,30.35,13
"168","Mnov_gtseq_402",2,178,6,30,1,2,2,6,0,19,11,78,10,26,0,9,11,0,17,37,13,18,2,58,13,49,0,168,0,221,4,67,0,67,0,51,2,36,10,18,31.05,11
"169","Mnov_gtseq_305",1,137,0,14,0,1,0,0,0,4,0,77,0,66,1,7,0,0,1,27,5,15,0,89,5,27,0,205,0,217,0,34,0,161,2,89,0,52,1,8,31.15,2
"170","Mnov_gtseq_356",2,202,2,18,0,3,0,9,0,7,8,68,10,31,3,3,8,0,14,33,12,34,1,65,29,37,1,159,0,273,2,53,0,87,0,25,1,40,13,20,31.825,10
"171","Mnov_gtseq_229",0,135,6,39,0,6,0,11,0,17,4,41,6,16,1,13,17,0,18,48,24,25,1,57,5,44,0,181,0,324,0,68,0,95,2,30,0,35,5,8,32.05,11
"172","Mnov_gtseq_533",4,122,9,25,0,6,1,12,1,21,20,47,6,38,3,13,17,0,15,48,10,25,2,44,5,33,1,184,0,338,0,67,0,77,0,39,1,30,5,13,32.05,13
"173","Mnov_gtseq_162",15,138,25,26,0,5,1,14,2,34,24,59,18,27,7,20,41,0,33,34,53,12,16,21,35,33,0,220,0,163,7,48,0,71,2,33,1,24,13,36,32.775,24
"174","Mnov_gtseq_380",1,184,3,10,0,1,0,0,0,4,9,79,4,30,2,5,8,0,14,47,12,20,1,63,28,23,0,223,0,312,6,44,0,81,0,46,1,44,8,24,33.425,8
"175","Mnov_gtseq_222",5,188,2,64,0,3,0,3,1,25,3,67,5,70,1,36,11,0,12,66,12,25,3,69,48,74,2,125,0,135,1,37,0,66,2,67,0,24,15,76,33.575,12
"176","Mnov_gtseq_250",0,114,6,23,2,0,0,0,1,19,3,86,2,129,9,13,7,0,6,62,9,36,1,87,3,45,4,146,0,204,5,39,0,119,4,86,4,45,3,21,33.575,7
"177","Mnov_gtseq_424",5,160,8,27,0,2,0,11,1,21,28,42,12,19,6,11,31,0,23,38,32,32,5,48,24,19,1,175,0,348,2,47,0,69,3,28,3,20,23,19,33.575,19
"178","Mnov_gtseq_158",11,124,15,28,4,10,0,38,1,26,40,59,37,10,7,12,44,0,41,24,41,20,4,38,24,30,1,165,0,306,3,43,0,62,1,20,1,20,20,20,33.75,20
"179","Mnov_gtseq_374",0,190,2,27,0,0,0,3,0,4,10,93,8,27,1,8,24,0,18,28,19,10,1,67,21,21,2,215,0,325,4,43,0,81,0,40,2,30,13,22,33.975,10
"180","Mnov_gtseq_196",16,172,17,14,4,11,0,23,1,19,38,37,25,15,7,12,41,0,59,28,46,25,5,39,57,22,0,147,2,297,2,47,0,39,4,16,2,18,37,18,34.05,18
"181","Mnov_gtseq_358",1,212,0,13,1,1,0,1,0,6,4,93,1,32,3,6,1,0,8,28,8,9,0,98,4,40,0,226,0,271,1,53,0,126,0,76,1,50,1,11,34.65,4
"182","Mnov_gtseq_47",2,182,1,23,0,0,0,3,0,10,14,86,4,44,0,15,10,0,24,43,23,28,0,62,15,38,0,244,0,253,4,52,0,103,0,52,2,40,4,11,34.8,11
"183","Mnov_gtseq_224",4,140,12,46,1,3,1,7,1,18,12,74,14,24,3,10,14,0,20,43,17,32,1,50,12,25,0,198,1,393,2,61,0,75,2,30,2,36,11,18,35.325,14
"184","Mnov_gtseq_544",5,100,7,29,0,9,0,31,0,22,21,64,12,17,0,18,23,0,24,44,24,34,0,45,10,21,0,216,0,430,3,71,0,68,0,25,2,19,9,11,35.35,18
"185","Mnov_gtseq_271",2,254,3,29,0,0,0,1,1,21,42,146,10,31,2,5,14,0,25,32,77,7,3,44,38,32,0,167,0,194,0,65,0,71,0,46,0,44,1,35,36.05,14
"186","Mnov_gtseq_452",2,138,4,28,3,1,1,7,0,22,15,49,11,46,7,14,13,0,9,39,15,32,2,73,11,34,1,232,0,365,6,54,0,97,0,42,1,40,8,20,36.05,13
"187","Mnov_gtseq_523",5,123,17,33,0,8,0,13,0,23,26,79,11,23,1,18,30,0,25,40,36,27,3,46,8,35,0,241,1,362,5,61,0,54,1,34,3,26,14,16,36.2,18
"188","Mnov_gtseq_62",0,314,5,0,0,3,0,0,0,25,34,73,43,81,0,0,0,0,61,110,0,0,2,113,128,0,0,303,1,0,0,0,0,0,0,41,0,0,32,87,36.4,0
"189","Mnov_gtseq_347",2,152,8,30,3,2,1,3,1,16,12,81,3,61,3,20,14,1,31,45,14,21,4,70,24,40,1,205,1,345,3,54,0,66,2,52,2,43,10,20,36.65,14
"190","Mnov_gtseq_333",3,136,13,40,0,5,0,13,0,19,18,93,11,31,3,14,22,0,28,50,29,31,0,61,12,31,0,225,0,348,3,43,0,100,2,33,0,41,9,15,37.05,15
"191","Mnov_gtseq_6",0,172,1,22,0,0,0,0,0,4,2,55,3,51,0,9,3,0,4,44,9,21,0,74,2,45,0,275,0,443,0,48,0,114,0,35,0,53,1,7,37.425,3
"192","Mnov_gtseq_25",7,225,4,36,0,2,0,8,0,10,8,77,8,65,4,20,7,0,18,48,69,25,1,73,26,48,1,243,0,154,3,104,0,63,0,37,0,59,9,51,37.825,10
"193","Mnov_gtseq_543",4,132,4,31,1,5,0,14,1,20,18,85,21,44,1,22,33,1,25,44,23,30,1,65,15,32,0,225,0,410,0,51,0,71,0,31,1,32,15,11,37.975,20
"194","Mnov_gtseq_376",13,152,20,0,0,7,0,30,2,37,73,128,25,30,2,9,39,1,0,43,92,58,1,67,19,56,0,407,0,1,1,63,0,64,0,1,1,48,31,24,38.625,20
"195","Mnov_gtseq_239",10,128,18,46,1,14,1,24,0,36,30,66,15,35,4,22,33,1,27,57,38,50,6,35,15,42,2,196,3,348,2,72,0,70,0,34,2,31,16,26,38.9,26
"196","Mnov_gtseq_138",8,145,18,21,2,4,0,23,0,32,30,69,40,23,4,14,52,0,44,54,43,33,5,65,17,31,2,232,1,392,5,44,0,45,1,36,4,22,10,16,39.675,22
"197","Mnov_gtseq_315",10,144,14,41,0,10,3,30,3,32,27,95,11,24,5,16,28,0,29,53,25,25,10,54,14,33,1,217,0,421,5,68,0,67,2,35,2,25,10,23,40.3,24
"198","Mnov_gtseq_256",0,499,0,1,0,0,0,0,0,2,3,30,2,64,1,6,3,1,40,52,42,8,0,174,34,9,0,125,0,121,0,58,0,167,1,71,0,89,4,19,40.65,3
"199","Mnov_gtseq_4",1,253,2,18,0,0,0,2,0,5,6,72,0,43,3,13,8,0,14,45,22,25,1,100,13,34,0,274,0,346,1,56,0,139,0,64,0,55,5,14,40.85,8
"200","Mnov_gtseq_246",2,195,8,41,1,4,0,6,2,16,29,95,30,25,2,13,45,0,28,45,40,22,6,46,30,32,1,270,1,327,3,66,0,72,0,44,5,43,14,29,40.95,25
"201","Mnov_gtseq_45",7,261,1,38,0,2,0,7,0,12,15,80,19,36,4,9,23,0,32,21,63,36,0,70,38,50,0,254,0,236,1,102,0,78,1,41,1,70,21,20,41.225,20
"202","Mnov_gtseq_187",0,185,4,42,2,2,0,8,0,14,13,106,8,39,4,10,15,0,21,64,23,44,0,58,14,41,0,244,0,385,1,53,0,128,1,47,0,41,11,25,41.325,14
"203","Mnov_gtseq_240",11,174,14,27,1,6,0,8,1,16,25,70,24,23,2,14,33,0,32,47,33,40,2,67,29,41,0,258,0,466,2,52,0,55,1,23,2,20,25,12,41.4,23
"204","Mnov_gtseq_338",3,117,3,46,1,5,0,13,0,28,5,109,0,65,3,7,6,0,6,59,9,55,0,58,5,58,1,281,0,486,2,61,0,86,0,60,0,37,2,16,42.325,6
"205","Mnov_gtseq_149",0,166,1,39,0,2,0,1,0,17,8,70,6,42,0,11,13,0,19,69,27,30,1,68,5,42,0,282,0,500,0,71,0,93,0,41,0,55,5,17,42.525,11
"206","Mnov_gtseq_93",11,147,9,45,2,6,0,8,1,27,31,115,28,29,2,14,25,0,40,58,21,32,0,59,17,52,1,275,0,383,2,69,0,74,1,36,2,40,20,21,42.575,21
"207","Mnov_gtseq_472",3,212,4,29,0,2,0,1,0,12,5,104,10,42,3,5,10,0,11,41,17,25,0,90,11,34,3,261,0,469,7,72,0,107,2,47,4,42,5,20,42.75,10
"208","Mnov_gtseq_8",1,147,10,42,0,2,0,7,1,17,25,162,26,75,2,11,34,0,51,74,55,25,2,74,20,31,1,218,0,239,3,59,0,105,3,74,1,50,16,48,42.775,25
"209","Mnov_gtseq_210",6,200,10,23,1,3,0,12,0,14,39,84,29,28,4,11,43,0,35,41,43,26,3,73,48,29,0,249,1,427,0,48,0,80,2,44,4,27,25,36,43.7,26
"210","Mnov_gtseq_398",3,225,4,29,0,2,0,4,1,22,21,53,10,25,2,9,41,0,33,43,57,23,2,82,53,26,2,273,1,436,3,55,0,77,2,32,1,32,28,40,43.8,23
"211","Mnov_gtseq_220",8,180,12,46,0,8,1,19,0,33,31,110,24,31,6,20,28,0,24,53,28,66,2,79,11,45,3,234,0,357,4,69,0,97,5,51,2,36,15,16,43.85,24
"212","Mnov_gtseq_318",6,197,10,31,2,10,1,16,0,23,29,80,25,38,5,17,36,0,35,59,37,34,0,70,24,44,1,241,0,445,3,66,0,76,1,31,2,42,24,28,44.725,25
"213","Mnov_gtseq_313",1,234,2,29,1,2,0,1,0,18,8,88,3,44,2,6,8,0,10,48,28,33,0,71,10,36,0,292,0,528,1,74,0,94,0,48,0,49,3,22,44.85,8
"214","Mnov_gtseq_216",3,202,9,33,1,2,1,11,0,12,17,61,8,27,1,12,20,1,27,39,29,30,0,77,20,29,0,308,0,570,2,61,0,84,0,49,0,33,9,31,45.475,17
"215","Mnov_gtseq_372",2,176,3,38,0,3,0,6,1,21,8,76,7,33,0,12,15,0,27,72,22,38,0,87,12,46,0,318,0,537,1,74,0,95,1,38,1,52,2,10,45.85,12
"216","Mnov_gtseq_339",6,252,11,48,1,4,0,7,1,20,38,82,35,30,2,14,47,0,36,60,53,32,2,52,31,55,1,275,0,426,5,59,0,85,2,41,4,43,11,16,47.175,30
"217","Mnov_gtseq_53",4,212,5,34,0,7,0,10,1,18,25,65,9,23,1,11,27,0,33,52,33,32,0,96,9,34,0,256,0,602,1,78,0,91,0,49,2,45,9,13,47.175,13
"218","Mnov_gtseq_204",3,251,6,40,1,1,0,5,0,9,3,103,3,84,5,10,6,0,17,72,10,37,3,104,15,43,5,284,1,415,7,39,0,142,1,78,1,52,9,34,47.475,9
"219","Mnov_gtseq_237",6,195,6,30,0,8,0,31,2,21,47,91,27,28,3,20,41,0,58,62,50,28,3,66,23,40,0,279,0,489,4,83,0,68,0,32,3,30,23,22,47.975,27
"220","Mnov_gtseq_157",20,143,30,42,1,11,4,32,0,34,53,77,25,19,2,23,50,0,45,49,27,42,4,67,30,39,4,255,0,492,4,76,0,77,4,41,9,34,30,30,48.125,30
"221","Mnov_gtseq_366",3,197,10,51,1,7,0,22,1,39,29,77,17,54,6,24,29,1,34,50,37,58,3,83,23,38,3,273,0,457,0,64,0,90,1,51,6,46,17,26,48.2,26
"222","Mnov_gtseq_102",3,298,1,42,0,3,0,4,0,12,17,95,16,53,0,11,18,0,29,86,22,25,0,64,19,52,1,250,0,485,1,54,0,120,1,69,0,41,7,30,48.225,17
"223","Mnov_gtseq_407",3,2,4,19,0,0,0,13,0,26,38,97,8,30,5,12,36,0,40,67,47,45,4,90,0,59,0,364,2,600,6,74,0,103,2,44,1,44,15,34,48.35,15
"224","Mnov_gtseq_60",5,184,3,49,1,4,0,18,0,37,34,69,18,42,1,11,20,1,29,56,32,42,1,85,14,52,1,324,0,556,0,76,0,84,0,51,0,42,8,19,49.225,19
"225","Mnov_gtseq_55",6,309,7,37,0,1,0,1,1,19,17,76,17,38,4,8,26,0,29,45,61,22,3,109,36,33,0,373,1,349,3,58,0,123,1,74,1,36,18,36,49.45,19
"226","Mnov_gtseq_278",30,269,40,42,0,9,1,17,0,21,63,64,44,15,7,18,88,0,78,42,180,30,12,44,49,64,0,193,0,192,3,110,0,65,1,33,5,61,43,48,49.525,40
"227","Mnov_gtseq_16",7,199,10,45,1,5,1,17,2,31,45,91,29,33,5,19,39,0,39,48,61,48,8,91,31,35,3,272,1,441,0,94,0,106,1,50,0,49,21,28,50.15,31
"228","Mnov_gtseq_502",1,292,1,23,0,2,0,2,0,7,5,86,10,52,1,6,5,0,20,84,26,21,1,114,16,43,0,355,0,517,2,46,0,148,1,71,0,51,4,26,50.975,7
"229","Mnov_gtseq_56",11,256,5,75,0,3,0,6,0,24,38,116,33,29,6,12,33,0,50,44,173,32,1,74,99,63,0,251,0,266,0,105,0,55,0,44,0,53,27,72,51.4,32
"230","Mnov_gtseq_218",42,256,43,37,2,10,1,12,1,29,112,54,81,23,6,10,94,0,94,33,137,28,11,49,123,43,1,241,2,206,3,64,0,42,3,21,3,35,81,38,51.775,35
"231","Mnov_gtseq_66",7,253,19,41,0,11,0,12,2,26,38,77,31,38,7,16,44,0,60,48,51,31,13,105,62,46,0,275,1,465,4,62,0,69,2,49,3,42,30,33,51.825,31
"232","Mnov_gtseq_445",3,250,15,41,2,4,0,12,2,21,30,91,23,47,1,15,50,0,42,53,32,39,9,72,41,44,1,284,1,521,2,45,0,112,0,77,0,42,27,34,52.125,30
"233","Mnov_gtseq_71",6,264,6,31,2,6,1,13,0,14,49,90,23,46,1,13,32,0,42,58,56,28,2,105,34,45,1,317,1,447,3,97,0,99,1,59,3,55,22,14,52.15,23
"234","Mnov_gtseq_258",2,225,1,44,0,7,0,16,2,18,18,69,12,43,2,16,23,2,30,67,38,41,0,106,15,48,0,315,0,624,4,78,0,111,0,51,0,37,5,27,52.425,18
"235","Mnov_gtseq_54",10,238,10,55,0,8,0,28,0,52,28,149,17,77,9,27,28,0,37,65,48,53,5,85,14,82,3,311,0,290,5,99,0,113,1,68,3,47,22,44,53.275,28
"236","Mnov_gtseq_70",0,252,0,43,0,7,0,13,0,24,11,87,8,51,1,17,20,0,27,83,28,61,0,102,18,46,0,323,0,592,1,96,0,115,0,58,1,57,2,12,53.9,17
"237","Mnov_gtseq_238",5,279,13,48,1,5,1,15,1,24,46,100,39,36,2,19,48,1,57,64,53,56,0,93,31,50,0,341,0,419,4,80,0,90,1,54,2,48,32,30,54.7,32
"238","Mnov_gtseq_68",5,195,8,30,0,4,1,7,2,12,58,138,44,77,6,14,38,0,66,30,120,36,5,157,19,59,0,295,0,413,2,75,0,88,1,69,1,53,29,34,54.775,30
"239","Mnov_gtseq_12",4,318,2,45,0,1,0,4,0,17,10,76,7,65,1,18,10,1,32,80,35,42,0,93,18,50,0,221,0,615,1,87,0,179,0,73,1,75,10,20,55.275,17
"240","Mnov_gtseq_58",1,368,1,20,1,1,0,1,0,2,5,106,5,85,4,6,15,0,16,61,15,7,0,177,63,39,0,339,0,521,8,34,0,147,2,75,2,71,9,38,56.125,8
"241","Mnov_gtseq_254",5,225,7,32,1,9,0,24,0,40,60,59,36,43,4,14,62,1,53,60,64,55,1,80,28,28,1,314,1,652,0,70,0,94,1,37,1,40,23,30,56.375,30
"242","Mnov_gtseq_206",4,349,3,38,0,1,0,7,0,10,25,134,17,37,3,11,44,0,40,48,68,22,2,93,61,59,1,321,0,453,1,84,0,141,1,75,0,59,22,23,56.425,22
"243","Mnov_gtseq_332",1,196,2,47,0,0,0,3,0,23,1,69,2,177,1,21,8,0,13,79,14,72,0,150,9,121,2,318,0,380,5,75,0,188,1,175,2,88,0,25,56.7,9
"244","Mnov_gtseq_251",4,238,11,41,2,12,1,14,1,26,58,114,35,53,3,21,69,0,68,64,68,47,2,102,60,32,1,291,1,501,4,60,0,122,3,54,4,49,20,21,56.925,32
"245","Mnov_gtseq_126",11,223,26,53,1,8,2,18,3,41,30,117,19,63,5,25,51,0,51,74,31,43,3,96,22,59,3,293,4,477,11,92,0,122,8,60,7,53,28,46,56.975,30
"246","Mnov_gtseq_257",2,256,11,52,0,7,2,27,0,27,27,97,24,57,2,14,39,0,33,61,44,64,1,123,41,50,1,344,0,586,3,72,0,110,1,43,1,46,10,21,57.475,27
"247","Mnov_gtseq_50",3,237,5,58,2,7,1,15,2,21,37,97,25,46,1,13,47,0,33,58,45,43,1,91,22,65,2,394,0,631,0,74,0,78,2,36,0,55,22,34,57.575,25
"248","Mnov_gtseq_10",1,257,7,41,2,3,0,11,0,21,15,118,13,82,3,8,26,0,31,66,40,46,3,120,29,62,0,366,0,600,5,67,0,112,2,71,1,42,15,35,58.025,21
"249","Mnov_gtseq_475",15,205,30,53,1,6,1,41,0,39,67,121,53,36,4,14,91,0,56,72,62,67,5,84,23,55,3,269,0,567,2,66,0,101,1,29,8,37,37,24,58.625,37
"250","Mnov_gtseq_379",2,204,7,65,0,9,1,31,1,37,42,50,81,49,5,28,110,1,102,81,100,61,2,119,28,25,1,221,0,453,5,95,0,129,2,59,3,52,54,43,58.95,42
"251","Mnov_gtseq_504",13,248,12,53,0,8,0,24,1,39,52,117,37,57,2,23,55,0,51,60,63,48,2,88,34,69,2,333,0,504,2,76,0,129,1,61,2,54,31,10,59.025,37
"252","Mnov_gtseq_88",4,545,13,64,0,11,0,28,0,9,26,40,35,3,0,11,21,1,84,58,185,10,5,91,347,14,2,185,0,189,1,48,0,29,3,33,1,51,249,16,60.3,16
"253","Mnov_gtseq_269",8,376,13,51,0,4,0,11,1,21,45,105,52,36,1,13,51,0,71,58,132,51,1,89,123,62,1,315,0,379,4,70,0,69,0,40,1,57,48,65,60.6,45
"254","Mnov_gtseq_363",6,142,23,19,5,12,0,13,1,55,13,125,42,98,5,30,64,0,29,87,40,39,4,82,23,49,1,428,0,602,10,88,0,144,0,68,4,45,33,27,61.4,29
"255","Mnov_gtseq_170",3,310,6,40,0,8,0,11,0,14,39,115,25,52,2,16,35,0,54,66,56,49,2,109,44,48,0,356,0,696,1,73,0,98,2,37,1,38,26,40,61.8,35
"256","Mnov_gtseq_274",2,340,4,37,1,6,1,14,1,21,50,109,28,46,2,16,38,1,57,54,52,50,3,127,44,65,1,342,2,701,2,86,0,125,1,52,1,48,29,43,65.05,37
"257","Mnov_gtseq_291",13,330,7,44,0,11,0,11,0,34,28,99,30,52,4,17,76,1,60,71,77,65,4,83,38,60,1,317,0,682,3,94,0,109,2,67,6,60,30,34,65.5,34
"258","Mnov_gtseq_20",5,275,9,51,0,1,1,13,1,23,51,174,35,49,1,13,61,1,54,43,68,52,4,141,46,75,1,408,1,629,1,94,0,124,3,59,1,57,34,22,67.025,35
"259","Mnov_gtseq_82",10,339,17,60,0,2,0,14,0,24,90,121,38,39,5,20,80,0,74,66,123,44,2,106,56,63,0,390,0,469,6,132,0,80,1,46,3,47,45,71,67.075,44
"260","Mnov_gtseq_265",13,282,14,41,2,11,1,35,0,29,96,76,72,21,7,17,107,0,82,55,95,55,5,99,96,51,0,359,0,627,2,86,0,74,0,34,5,41,67,33,67.25,35
"261","Mnov_gtseq_344",9,274,8,63,2,2,0,16,1,34,49,154,40,65,4,11,28,0,44,95,82,48,1,126,22,54,0,362,0,651,2,102,0,159,0,89,1,74,17,26,67.875,28
"262","Mnov_gtseq_357",2,543,3,31,2,0,1,3,0,4,14,108,20,76,5,7,19,0,37,68,56,29,2,175,116,49,0,388,0,573,6,60,0,181,0,76,0,54,19,50,69.425,19
"263","Mnov_gtseq_208",11,378,8,53,1,9,0,18,1,45,56,109,40,63,5,20,72,0,65,69,75,61,2,122,67,62,2,333,0,562,6,85,0,152,3,75,2,57,35,54,69.45,53
"264","Mnov_gtseq_323",2,389,2,54,0,5,0,20,0,23,54,101,36,56,0,25,55,0,83,65,97,67,0,94,143,62,1,386,0,626,3,74,0,110,2,59,3,44,23,42,70.15,42
"265","Mnov_gtseq_46",5,303,14,65,0,1,0,6,1,30,29,166,42,74,2,18,51,0,49,87,80,40,5,142,64,75,0,424,0,674,5,81,0,114,0,91,3,59,22,54,71.9,40
"266","Mnov_gtseq_345",5,306,13,67,2,10,0,29,0,31,61,113,43,53,5,21,67,0,57,80,86,59,4,99,66,56,3,408,2,733,5,102,0,121,0,59,3,63,40,41,72.825,43
"267","Mnov_gtseq_479",17,330,19,54,1,8,2,23,2,36,113,118,43,42,6,29,101,0,107,78,81,67,6,109,60,56,0,380,0,618,8,89,0,109,1,50,6,52,46,54,73.025,46
"268","Mnov_gtseq_81",1,588,3,35,0,1,0,6,0,22,78,175,24,40,0,20,68,0,44,109,89,68,3,82,265,83,0,281,0,494,2,48,0,159,0,46,3,38,19,68,74.05,35
"269","Mnov_gtseq_547",17,307,29,65,1,14,2,36,1,39,118,88,88,38,3,12,132,0,104,72,107,61,6,105,70,46,2,354,0,678,2,67,1,115,3,50,6,40,73,26,74.45,40
"270","Mnov_gtseq_261",4,409,9,62,0,7,0,11,2,30,55,154,37,66,2,17,65,2,64,83,79,37,3,105,72,84,2,408,0,702,3,95,0,130,0,59,4,69,16,44,74.775,37
"271","Mnov_gtseq_378",7,436,8,50,2,5,0,17,0,22,66,105,69,44,0,11,104,0,83,59,94,56,2,130,296,58,1,284,1,553,3,107,0,136,1,54,2,38,69,42,75.375,44
"272","Mnov_gtseq_470",7,319,13,56,0,12,1,14,0,40,81,90,63,48,3,18,110,0,100,74,114,52,4,113,152,59,2,336,3,708,7,87,0,103,3,68,8,42,54,57,75.525,52
"273","Mnov_gtseq_13",16,295,31,74,3,10,0,29,0,53,52,137,35,136,15,32,50,0,45,88,52,54,16,119,42,72,7,383,0,666,15,114,0,144,6,88,13,58,33,59,76.05,45
"274","Mnov_gtseq_15",1,358,4,60,0,9,0,9,0,34,38,135,31,54,2,14,37,0,52,117,61,74,1,130,26,68,0,455,0,815,1,117,0,162,0,60,1,75,10,38,76.225,34
"275","Mnov_gtseq_200",3,298,14,45,0,3,2,5,0,18,55,148,26,96,3,13,86,2,106,81,134,49,8,125,141,72,2,406,0,549,3,77,0,196,1,99,2,76,49,84,76.925,49
"276","Mnov_gtseq_518",22,262,47,38,4,34,0,56,1,35,139,82,85,28,12,24,188,0,122,75,124,60,10,68,91,48,1,347,1,684,4,85,1,97,2,32,12,48,80,33,77.05,47
"277","Mnov_gtseq_141",10,474,12,49,2,6,0,15,0,21,54,85,37,47,4,21,77,0,66,77,112,53,2,131,63,73,2,371,1,779,6,89,0,140,1,56,4,62,41,46,77.225,46
"278","Mnov_gtseq_75",15,349,19,57,0,5,1,17,3,31,144,182,83,54,9,20,137,1,110,114,137,42,15,147,60,73,0,425,0,405,4,78,0,147,3,73,6,59,68,52,78.625,54
"279","Mnov_gtseq_209",34,356,61,57,4,14,0,44,4,48,110,112,62,66,20,29,121,1,104,82,94,53,18,130,78,49,5,297,4,601,10,102,1,143,3,56,7,61,76,41,78.95,56
"280","Mnov_gtseq_263",6,424,8,47,1,2,2,10,0,19,127,104,71,59,6,9,128,1,117,69,115,37,3,104,127,61,1,387,0,723,6,59,0,118,1,53,5,39,62,66,79.425,47
"281","Mnov_gtseq_426",32,274,54,49,1,18,2,77,3,59,140,107,112,35,18,36,189,0,115,76,124,70,11,107,105,56,2,330,0,618,5,74,0,94,6,44,10,43,84,46,80.65,54
"282","Mnov_gtseq_335",22,310,25,85,2,16,0,57,1,63,115,104,60,47,13,32,105,0,90,88,97,49,4,112,49,85,2,381,2,763,6,96,0,136,2,69,8,57,64,32,81.225,57
"283","Mnov_gtseq_37",1,368,3,74,0,0,0,7,1,29,14,156,18,65,2,23,12,1,21,107,36,75,1,184,21,79,0,505,0,909,0,128,0,182,0,92,0,93,2,43,81.3,21
"284","Mnov_gtseq_341",58,276,56,66,0,14,0,35,2,34,161,113,250,27,15,23,107,0,142,49,412,33,20,80,173,65,1,279,1,243,3,116,0,52,1,33,7,59,179,90,81.875,52
"285","Mnov_gtseq_215",12,311,28,68,0,13,2,39,1,43,123,98,59,44,2,28,124,0,112,83,88,73,2,104,55,60,0,459,0,885,4,87,0,104,3,49,2,60,40,33,82.45,44
"286","Mnov_gtseq_255",14,416,19,65,0,7,0,19,2,41,79,107,58,44,5,22,98,0,77,87,112,52,2,131,92,65,2,398,1,842,9,73,0,140,2,64,5,49,54,69,83.05,52
"287","Mnov_gtseq_79",0,808,4,21,1,0,0,0,0,4,12,139,17,81,0,5,30,0,57,68,98,26,1,263,241,51,0,349,0,353,1,114,0,301,0,122,1,111,23,49,83.775,21
"288","Mnov_gtseq_248",29,295,39,79,3,44,1,86,1,124,192,103,98,91,15,56,89,0,111,88,118,87,11,110,54,88,3,250,2,718,9,93,0,90,2,65,8,53,68,78,86.275,78
"289","Mnov_gtseq_74",20,295,42,63,3,12,2,41,8,83,142,112,64,111,19,47,104,1,68,83,98,86,12,106,46,93,2,388,1,762,16,137,0,148,9,84,9,59,59,64,87.475,63
"290","Mnov_gtseq_451",24,362,41,58,3,18,3,34,4,65,227,67,93,31,10,34,182,0,160,77,145,60,18,103,100,47,2,372,3,739,8,83,1,110,6,38,6,45,97,56,88.3,47
"291","Mnov_gtseq_440",13,414,24,52,1,7,2,10,4,20,205,107,92,46,3,15,188,0,142,59,142,54,5,86,343,54,0,374,1,658,4,59,0,110,0,35,3,44,104,60,88.5,46
"292","Mnov_gtseq_384",7,529,8,113,1,4,0,13,0,38,47,141,51,69,4,29,54,0,90,86,104,65,0,182,50,96,1,470,0,814,2,160,0,194,1,94,0,96,20,29,91.55,47
"293","Mnov_gtseq_225",56,302,83,69,0,13,1,32,3,33,176,119,231,33,11,20,165,0,176,56,442,42,44,69,323,66,3,285,1,265,6,99,0,52,3,47,10,53,174,100,91.575,53
"294","Mnov_gtseq_98",8,446,17,64,2,1,0,13,1,28,101,134,79,69,2,21,94,0,149,84,181,56,8,127,230,89,3,470,1,662,1,116,0,108,0,52,4,70,108,78,91.925,64
"295","Mnov_gtseq_401",5,508,7,46,1,5,0,10,1,19,70,129,54,77,4,22,91,0,134,98,145,55,5,169,227,74,1,478,0,756,4,107,0,140,1,70,2,62,46,89,92.8,54
"296","Mnov_gtseq_299",31,411,45,131,1,10,3,27,0,115,85,197,60,132,22,49,87,0,99,91,149,112,11,139,76,153,4,386,1,404,6,159,0,120,4,141,5,73,63,133,93.375,76
"297","Mnov_gtseq_308",7,440,25,53,3,8,2,25,6,38,164,123,132,59,4,13,188,0,149,81,130,53,15,146,160,71,1,385,5,737,4,100,0,96,1,58,5,49,152,67,93.875,53
"298","Mnov_gtseq_243",14,541,13,99,1,13,2,15,0,30,94,192,100,50,4,22,81,0,131,59,289,83,5,128,183,100,0,491,0,500,3,134,0,105,0,61,0,86,88,76,94.825,61
"299","Mnov_gtseq_312",3,551,13,57,1,5,1,9,0,36,73,142,62,90,5,24,88,0,115,119,135,71,3,208,141,85,0,442,0,803,4,109,0,188,0,87,0,72,66,58,96.65,62
"300","Mnov_gtseq_235",8,507,18,66,0,9,0,8,2,34,132,124,113,42,4,27,178,0,208,88,242,60,10,116,292,70,0,355,0,732,1,111,0,123,2,76,2,54,81,33,98.2,54
"301","Mnov_gtseq_244",10,549,11,67,0,8,0,12,1,36,147,109,125,47,3,21,180,0,160,98,206,80,3,154,232,67,0,373,0,701,4,94,0,134,0,63,2,60,109,65,98.275,63
"302","Mnov_gtseq_416",25,328,57,61,3,25,1,63,3,56,199,104,88,52,16,38,177,1,122,93,97,73,13,95,71,55,2,521,2,1004,7,130,0,126,4,53,13,37,76,41,98.3,56
"303","Mnov_gtseq_86",40,302,58,60,3,25,1,57,3,84,243,97,121,52,8,43,248,0,176,101,191,63,14,112,152,59,1,378,1,819,2,82,0,110,2,45,6,51,147,51,100.2,58
"304","Mnov_gtseq_405",65,503,60,64,1,12,0,24,1,31,156,76,176,30,7,16,222,1,200,55,478,42,35,89,478,88,2,260,0,283,3,107,0,48,3,21,10,63,185,121,100.4,55
"305","Mnov_gtseq_205",28,329,42,62,3,23,2,47,3,51,256,138,157,65,8,26,273,0,208,83,156,73,21,100,124,69,0,422,3,776,10,90,1,103,3,48,8,37,150,63,101.525,62
"306","Mnov_gtseq_84",19,402,27,118,0,9,1,40,5,107,96,170,47,149,9,64,120,0,102,101,104,135,5,163,63,104,1,455,0,853,6,104,0,189,2,110,7,77,59,79,102.55,77
"307","Mnov_gtseq_394",7,526,18,94,0,13,0,21,1,53,116,129,110,51,0,25,136,0,151,108,200,80,4,141,168,73,0,495,0,957,3,105,0,145,0,67,5,58,41,59,104,58
"308","Mnov_gtseq_399",16,485,36,66,1,25,3,50,1,59,166,116,147,43,5,25,256,0,208,88,184,66,5,144,155,64,2,452,2,833,8,84,0,107,2,59,8,40,157,55,105.575,59
"309","Mnov_gtseq_190",12,506,26,79,0,9,2,25,1,28,143,149,119,67,7,19,164,0,206,102,256,73,8,205,181,63,1,456,4,796,1,110,0,136,1,95,5,77,89,74,107.375,73
"310","Mnov_gtseq_69",11,531,14,110,1,16,0,27,1,73,94,201,50,97,3,46,107,0,101,115,190,100,0,180,100,113,0,513,1,1007,5,156,0,203,0,95,3,86,36,58,111.1,73
"311","Mnov_gtseq_314",5,620,10,84,1,7,0,10,0,50,107,142,76,97,5,18,94,1,119,111,189,84,6,174,167,76,2,568,1,1077,4,106,0,166,0,87,2,72,51,60,111.225,72
"312","Mnov_gtseq_72",51,339,84,52,0,24,1,48,2,60,452,92,181,34,12,34,402,1,330,84,206,71,30,90,271,62,4,335,2,506,5,88,0,103,4,47,13,42,258,59,111.975,59
"313","Mnov_gtseq_38",7,489,32,90,0,3,0,11,0,21,97,245,127,68,5,19,119,2,212,109,345,73,9,176,270,94,1,550,2,627,6,137,0,123,1,104,5,79,139,86,112.075,79
"314","Mnov_gtseq_328",26,476,61,86,6,48,4,93,1,130,170,158,91,73,19,41,241,2,179,113,178,98,16,160,136,79,5,413,3,749,7,104,0,143,3,98,15,71,141,56,112.325,86
"315","Mnov_gtseq_92",5,646,3,56,0,0,0,7,0,15,49,162,76,100,2,12,99,0,109,102,167,69,9,194,565,84,2,543,0,941,3,57,0,162,1,76,1,59,74,94,113.6,57
"316","Mnov_gtseq_43",23,420,42,80,1,17,0,37,2,53,203,177,194,61,4,30,214,0,183,109,193,56,10,135,139,65,1,535,4,955,5,113,0,138,3,69,6,57,169,72,114.375,61
"317","Mnov_gtseq_64",7,552,29,89,2,5,1,17,2,50,200,167,143,75,6,25,176,0,215,103,309,74,16,178,406,99,2,557,2,692,6,114,0,127,0,76,2,61,123,89,119.925,75
"318","Mnov_gtseq_334",41,540,45,106,2,25,0,56,3,64,229,148,111,86,9,55,189,1,163,138,194,92,11,188,144,81,7,483,0,893,4,122,0,185,7,112,15,83,114,85,120.775,85
"319","Mnov_gtseq_2",14,549,34,78,1,10,1,28,0,47,330,136,197,59,4,17,243,1,251,101,277,71,6,150,217,93,0,521,0,816,2,122,0,143,0,67,6,79,163,79,122.825,71
"320","Mnov_gtseq_61",13,584,24,81,2,11,1,19,0,55,258,142,152,83,6,34,308,1,233,101,169,83,8,159,237,102,0,544,1,1086,4,97,0,174,1,95,4,62,134,85,128.825,83
"321","Mnov_gtseq_413",24,561,62,105,2,24,0,64,2,94,279,83,198,59,18,30,333,0,283,92,340,103,12,175,255,84,2,482,1,814,10,111,0,150,2,47,12,55,132,82,129.55,82
"322","Mnov_gtseq_42",17,575,32,72,2,12,0,19,4,59,215,185,187,61,5,23,264,0,204,114,248,84,19,177,264,78,0,543,1,1045,6,122,0,167,4,69,6,66,159,132,131,69
"323","Mnov_gtseq_468",17,678,20,109,2,11,1,26,0,57,200,183,87,35,5,24,249,0,259,128,329,42,3,197,311,86,2,516,1,1010,6,141,0,172,0,83,7,89,146,40,131.8,57
"324","Mnov_gtseq_1",16,739,35,117,2,17,1,25,2,67,161,186,104,141,4,37,129,0,188,129,254,85,8,205,230,115,2,571,2,834,7,185,0,209,2,128,6,107,131,108,132.225,107
"325","Mnov_gtseq_461",30,506,52,86,1,16,2,51,1,54,290,112,256,73,13,35,432,0,312,104,277,64,12,137,495,71,0,416,1,820,5,84,1,122,2,58,4,55,254,98,135.05,64
"326","Mnov_gtseq_232",75,602,72,80,1,7,0,15,0,56,181,143,264,42,15,21,332,0,278,74,471,59,28,132,781,70,0,383,0,517,13,84,0,90,2,59,10,45,363,71,135.9,70
"327","Mnov_gtseq_28",17,630,28,86,2,11,0,41,0,69,408,182,198,53,4,32,363,0,364,123,149,93,3,165,240,93,2,528,1,963,5,144,0,159,0,83,8,56,143,28,136.85,69
"328","Mnov_gtseq_65",25,569,37,125,0,21,0,26,0,72,179,318,305,47,8,24,232,3,272,111,425,78,28,181,292,89,1,603,0,712,4,117,0,129,1,93,3,77,220,103,138.25,78
"329","Mnov_gtseq_513",51,456,60,59,3,24,3,84,2,83,462,102,250,70,7,33,551,0,359,74,236,69,28,111,295,68,3,419,2,963,6,84,0,107,4,43,19,53,262,64,139.225,68
"330","Mnov_gtseq_211",3,940,15,34,1,2,0,3,0,9,47,206,46,64,2,11,83,0,148,94,294,41,7,268,987,69,0,678,0,763,3,103,0,282,2,103,1,97,102,88,139.9,46
"331","Mnov_gtseq_474",21,410,30,177,1,24,2,33,3,159,135,185,48,244,11,110,127,0,130,224,154,201,10,222,120,162,10,595,2,1039,10,324,0,276,4,219,10,160,59,168,145.475,127
"332","Mnov_gtseq_300",3,190,92,69,5,32,0,37,0,62,262,123,267,51,12,47,666,1,440,129,578,97,19,191,29,51,2,596,1,1079,12,148,0,172,6,77,13,93,399,118,154.225,69
"333","Mnov_gtseq_321",34,590,58,71,2,31,0,47,0,76,298,195,259,69,6,37,438,2,387,110,366,100,12,159,566,81,1,510,2,854,7,139,0,149,4,69,8,69,295,68,154.225,69
"334","Mnov_gtseq_57",85,443,59,115,2,9,0,19,1,57,188,112,245,58,26,36,258,0,231,69,896,58,87,87,1339,108,5,265,0,246,7,142,0,65,6,73,8,78,476,227,154.65,73
"335","Mnov_gtseq_197",57,447,55,54,1,12,0,26,2,49,350,106,378,31,7,30,380,0,395,75,638,50,58,94,1209,68,0,356,1,482,5,89,0,80,0,47,1,46,509,85,156.825,55
"336","Mnov_gtseq_289",11,721,27,76,0,3,1,14,3,40,361,199,258,68,4,18,376,0,371,127,336,86,18,229,729,87,3,470,1,877,8,104,0,145,3,77,4,78,308,101,158.55,77
"337","Mnov_gtseq_19",82,513,87,107,1,28,3,85,2,86,480,177,261,68,7,50,506,1,385,123,283,96,16,160,280,105,3,569,5,1037,7,115,0,147,4,79,9,69,264,87,159.675,87
"338","Mnov_gtseq_202",33,558,54,70,1,20,1,46,0,49,397,124,363,51,7,23,494,2,394,109,406,91,30,143,833,72,0,392,3,765,6,105,0,135,2,66,5,47,427,97,160.525,66
"339","Mnov_gtseq_104",25,813,32,107,0,12,1,44,0,72,332,153,298,62,8,28,415,0,482,122,556,120,10,244,1027,78,0,448,0,934,3,127,0,173,1,67,0,65,303,83,181.125,72
"340","Mnov_gtseq_160",99,500,129,122,3,34,1,44,1,106,443,200,517,65,15,48,641,1,504,101,418,110,51,158,586,98,4,484,6,699,7,92,0,150,10,83,16,49,603,133,183.275,99
"341","Mnov_gtseq_41",3,753,21,72,2,2,0,2,0,22,99,289,129,180,8,22,162,1,239,93,455,60,34,239,2266,106,1,532,1,573,13,137,0,175,4,145,1,77,325,190,185.825,77
"342","Mnov_gtseq_195",71,566,117,98,3,35,5,112,6,92,390,119,418,77,11,59,743,1,528,123,566,117,27,147,524,104,3,578,2,1183,10,150,0,156,4,64,17,89,338,109,194.05,104
"343","Mnov_gtseq_97",52,725,67,226,3,35,1,61,2,279,377,262,80,175,25,6,370,3,270,243,329,310,6,297,322,300,3,651,2,1129,0,247,0,275,6,275,10,140,170,88,195.55,170
"344","Mnov_gtseq_94",11,722,27,97,1,5,0,6,0,51,179,236,188,157,14,22,252,0,324,107,581,68,33,237,2695,95,7,448,1,543,4,109,0,168,6,143,5,82,434,232,207.25,95
"345","Mnov_gtseq_297",36,748,45,110,2,16,0,44,1,82,366,237,451,84,17,35,591,2,666,123,614,90,18,187,1316,86,4,608,2,960,4,102,0,148,4,71,8,68,521,130,214.925,84
"346","Mnov_gtseq_140",208,616,338,88,9,30,3,109,1,105,368,116,499,52,41,56,854,0,577,91,584,97,88,165,824,80,6,429,1,933,14,126,0,134,9,74,66,61,664,134,216.25,97
"347","Mnov_gtseq_285",71,695,92,67,4,26,2,48,4,83,785,140,475,48,13,42,869,0,593,114,617,103,31,167,927,61,1,530,1,1075,5,119,0,107,1,54,14,53,548,101,217.15,71
"348","Mnov_gtseq_33",18,809,28,92,1,10,0,21,2,51,489,217,369,82,11,26,625,0,526,154,638,91,9,220,1236,101,3,659,1,1181,6,120,0,171,0,97,7,75,445,126,217.925,91
"349","Mnov_gtseq_277",134,679,173,118,3,44,0,146,1,99,973,143,585,59,18,56,1108,0,805,109,774,101,28,150,744,81,1,535,2,1189,6,131,0,147,7,55,24,62,517,94,247.525,101
"350","Mnov_gtseq_21",74,636,132,166,1,27,0,45,3,181,707,263,546,181,26,69,652,0,629,164,780,145,68,232,1127,159,9,533,4,699,17,160,0,163,16,169,19,98,800,329,250.725,160
"351","Mnov_gtseq_39",44,753,76,105,1,30,2,67,1,94,960,200,615,74,12,50,1168,0,807,165,806,117,43,244,1157,81,6,616,2,1119,5,163,0,150,6,79,12,93,684,85,267.3,85
"352","Mnov_gtseq_284",82,769,106,118,2,19,3,37,1,51,994,126,802,56,14,31,801,0,866,112,985,90,47,171,2582,77,2,472,3,654,6,131,0,102,3,61,14,71,952,161,289.35,82
"353","Mnov_gtseq_83",40,1037,52,126,1,21,2,44,1,91,1021,184,660,84,6,35,1185,1,866,158,888,134,23,258,1633,127,1,687,3,1216,6,164,1,222,0,90,6,92,602,119,297.175,92
"354","Mnov_gtseq_241",226,697,350,124,5,48,3,169,6,150,1657,125,743,98,57,78,1443,0,1019,134,909,183,112,162,1272,98,5,545,2,1180,16,152,0,150,10,86,54,68,997,185,332.95,134
"355","Mnov_gtseq_193",51,778,102,104,2,15,2,45,1,87,1237,144,942,69,8,40,1368,1,1238,122,1046,119,72,225,3054,79,4,610,4,1013,7,143,1,138,5,68,16,80,1346,135,363.025,87
"356","Mnov_gtseq_73",33,969,57,125,1,11,0,25,1,81,912,230,972,82,8,32,1381,0,1141,171,1202,133,10,216,3276,121,1,740,1,1450,2,145,0,191,0,85,5,95,1024,160,377.225,95
"357","Mnov_gtseq_434",50,944,73,121,3,14,3,66,4,98,1183,231,951,94,17,48,1633,1,1195,157,1071,116,43,206,3031,91,2,694,1,1283,10,130,0,175,9,125,10,87,1514,177,391.525,98
"358","Mnov_gtseq_477",46,771,113,93,2,26,0,52,1,84,1136,143,860,63,9,33,1443,0,1031,131,958,106,25,139,4841,76,2,550,4,988,6,99,0,131,2,55,20,58,1444,141,392.05,84
"359","Mnov_gtseq_541",1727,723,1815,102,104,176,2,496,8,100,2117,144,447,32,314,98,1320,1,936,110,603,112,96,117,510,79,78,545,2,1263,47,133,1,115,134,37,791,57,913,81,412.15,117
"360","Mnov_gtseq_90",571,1401,762,172,3,90,2,283,3,174,4493,168,0,89,34,80,2,0,0,187,4376,174,232,271,0,126,10,802,7,1675,14,168,1,207,16,83,80,84,0,288,428.2,90
"361","Mnov_gtseq_26",158,1022,261,144,6,56,3,148,3,132,1258,286,1214,76,23,65,2126,1,1315,182,1538,172,60,211,2188,123,1,822,4,1506,12,176,0,172,8,99,31,92,1686,159,438.475,148
"362","Mnov_gtseq_201",92,979,147,132,6,26,0,54,6,85,1636,208,1529,72,17,42,2268,1,1811,164,1856,147,63,245,4085,115,3,687,0,1159,11,147,0,173,3,82,18,83,2123,190,511.625,115
"363","Mnov_gtseq_67",112,1036,190,141,4,33,0,76,5,128,2079,230,1483,117,23,57,2536,2,2086,174,1566,143,65,251,3086,97,7,783,1,1318,4,152,0,247,5,102,15,73,1950,176,513.825,128
"364","Mnov_gtseq_287",297,828,442,129,7,62,2,178,2,153,2215,129,1165,75,34,64,2836,0,1995,126,1552,142,116,229,4179,86,11,512,5,1090,12,176,1,153,11,72,55,90,2660,139,550.75,129
"365","Mnov_gtseq_227",613,855,516,115,5,37,2,41,1,74,1271,200,1590,55,51,45,2226,0,1816,72,2528,56,562,121,6229,74,4,387,2,485,9,126,0,98,6,61,45,58,3755,254,611.125,74
"366","Mnov_gtseq_397",203,813,208,110,1,21,3,63,1,78,2661,120,1723,53,27,55,3869,1,2408,105,2367,113,116,143,8010,77,5,440,0,842,6,111,0,125,7,53,29,70,3009,165,705.275,110
"367","Mnov_gtseq_91",242,0,574,182,4,31,0,52,3,163,1996,266,1865,100,28,52,2927,0,2488,174,3275,234,254,263,8009,148,4,949,2,774,8,212,2,174,14,105,33,133,4043,381,754.1,174
"368","Mnov_gtseq_268",548,1148,894,203,17,128,3,257,17,319,3428,189,2923,144,70,117,5086,0,3488,214,2798,237,448,257,7153,157,8,771,9,1573,27,186,1,192,22,105,92,78,4852,0,953.975,192
