"","locus","133302_S784_L001_R1_001.fastq.gz.coverage","187857_S785_L001_R1_001.fastq.gz.coverage","195776_S786_L001_R1_001.fastq.gz.coverage","195777_S787_L001_R1_001.fastq.gz.coverage","195777b_S792_L001_R1_001.fastq.gz.coverage","196887_S788_L001_R1_001.fastq.gz.coverage","197665_S789_L001_R1_001.fastq.gz.coverage","197682_S790_L001_R1_001.fastq.gz.coverage","37609_S769_L001_R1_001.fastq.gz.coverage","40513_S770_L001_R1_001.fastq.gz.coverage","41051_S771_L001_R1_001.fastq.gz.coverage","43475_S772_L001_R1_001.fastq.gz.coverage","43498_S779_L001_R1_001.fastq.gz.coverage","43839_S773_L001_R1_001.fastq.gz.coverage","43979_S774_L001_R1_001.fastq.gz.coverage","43979b_S791_L001_R1_001.fastq.gz.coverage","43980_S775_L001_R1_001.fastq.gz.coverage","44432_S776_L001_R1_001.fastq.gz.coverage","45331_S777_L001_R1_001.fastq.gz.coverage","47854_S778_L001_R1_001.fastq.gz.coverage","53100_S780_L001_R1_001.fastq.gz.coverage","55931_S781_L001_R1_001.fastq.gz.coverage","56392_S782_L001_R1_001.fastq.gz.coverage","75696_S783_L001_R1_001.fastq.gz.coverage","mean","med"
"1","Mnov_gtseq_137",0,0,0,0,0,0,0,0,0,0,0,0,0,0,0,0,0,0,0,0,0,0,0,0,0,0
"2","Mnov_gtseq_146",0,0,0,0,1,0,0,0,0,0,0,0,0,0,0,0,0,0,0,0,0,0,0,0,0.0416666666666667,0
"3","Mnov_gtseq_388",0,0,0,0,1,0,0,0,0,0,0,0,0,0,0,0,0,0,0,0,0,0,0,0,0.0416666666666667,0
"4","Mnov_gtseq_442",0,0,0,0,0,0,0,0,0,0,0,0,0,0,0,0,0,0,1,0,0,0,0,0,0.0416666666666667,0
"5","Mnov_gtseq_181",0,0,0,0,0,0,0,0,0,0,0,0,0,0,0,0,2,0,0,0,0,0,0,0,0.0833333333333333,0
"6","Mnov_gtseq_516",0,0,0,0,0,0,0,0,0,0,0,0,0,0,0,0,0,0,0,0,2,0,0,0,0.0833333333333333,0
"7","Mnov_gtseq_168",0,0,0,0,1,0,0,0,0,0,0,0,1,0,0,0,1,0,0,0,0,0,0,0,0.125,0
"8","Mnov_gtseq_186",0,0,0,0,1,0,0,0,0,0,0,0,1,0,0,0,0,0,1,0,0,0,0,0,0.125,0
"9","Mnov_gtseq_536",0,0,0,0,1,0,0,0,0,0,0,0,0,0,0,0,0,0,1,0,0,1,0,0,0.125,0
"10","Mnov_gtseq_108",0,0,0,0,1,0,0,0,0,0,1,0,0,0,0,0,1,0,0,0,0,1,0,0,0.166666666666667,0
"11","Mnov_gtseq_134",0,0,0,1,1,0,0,0,0,0,0,0,0,0,0,0,0,0,2,0,0,0,0,0,0.166666666666667,0
"12","Mnov_gtseq_177",0,0,0,0,3,0,0,0,0,0,0,0,0,0,0,0,1,0,0,0,0,0,0,0,0.166666666666667,0
"13","Mnov_gtseq_364",0,0,0,0,2,0,1,0,0,0,0,0,0,0,0,0,0,0,1,0,0,0,0,0,0.166666666666667,0
"14","Mnov_gtseq_128",0,0,0,0,1,0,0,0,0,0,0,0,0,0,0,0,0,1,2,0,0,1,0,0,0.208333333333333,0
"15","Mnov_gtseq_506",0,0,0,0,1,0,1,0,0,0,0,0,0,0,0,0,1,0,1,0,0,0,0,1,0.208333333333333,0
"16","Mnov_gtseq_111",0,0,0,0,3,0,0,0,0,0,0,0,0,1,0,0,1,0,0,0,0,1,0,0,0.25,0
"17","Mnov_gtseq_116",0,0,0,0,1,0,0,0,0,0,0,0,1,0,0,0,1,0,1,1,1,0,0,0,0.25,0
"18","Mnov_gtseq_381",0,0,0,0,1,0,1,0,0,1,0,0,0,0,0,0,0,0,1,1,0,1,0,0,0.25,0
"19","Mnov_gtseq_529",1,1,0,0,1,0,0,0,0,1,0,0,0,0,0,0,0,0,2,0,0,0,0,0,0.25,0
"20","Mnov_gtseq_283",0,0,0,0,1,1,0,0,0,0,1,0,0,0,0,0,0,0,0,1,1,2,0,0,0.291666666666667,0
"21","Mnov_gtseq_526",0,0,0,0,0,2,1,0,0,0,0,0,0,0,0,0,1,0,3,0,0,1,0,0,0.333333333333333,0
"22","Mnov_gtseq_130",1,0,0,0,1,2,1,0,0,0,0,0,1,0,0,0,2,0,0,1,1,0,0,0,0.416666666666667,0
"23","Mnov_gtseq_191",0,0,0,0,0,0,1,0,0,2,0,0,1,1,0,0,1,0,3,1,0,0,0,0,0.416666666666667,0
"24","Mnov_gtseq_404",0,1,0,1,0,0,3,0,0,0,0,0,0,0,0,0,0,0,0,0,4,1,0,0,0.416666666666667,0
"25","Mnov_gtseq_355",0,0,0,1,5,0,0,0,0,0,0,0,0,0,0,0,2,0,2,1,0,0,0,0,0.458333333333333,0
"26","Mnov_gtseq_171",0,0,0,0,1,0,1,0,0,0,3,0,2,0,0,0,0,0,3,0,2,0,0,0,0.5,0
"27","Mnov_gtseq_298",0,0,0,1,7,0,0,0,0,0,0,0,0,0,0,0,0,0,0,1,0,3,0,0,0.5,0
"28","Mnov_gtseq_438",0,1,0,0,1,0,0,0,0,0,1,0,0,0,0,0,1,0,1,0,0,7,0,0,0.5,0
"29","Mnov_gtseq_30",1,0,0,0,0,0,0,0,0,0,2,0,1,0,0,0,1,0,3,0,2,3,0,0,0.541666666666667,0
"30","Mnov_gtseq_350",0,0,0,0,5,0,1,0,0,1,0,0,0,0,0,0,2,0,2,0,0,2,0,0,0.541666666666667,0
"31","Mnov_gtseq_386",0,1,0,0,1,0,0,0,0,0,0,0,0,0,0,0,3,0,1,0,5,2,0,0,0.541666666666667,0
"32","Mnov_gtseq_553",0,1,0,0,2,0,1,0,0,2,2,0,1,0,0,0,0,0,2,0,0,2,0,0,0.541666666666667,0
"33","Mnov_gtseq_147",0,0,0,0,4,1,0,0,0,0,0,0,1,0,0,0,4,0,2,1,1,0,0,0,0.583333333333333,0
"34","Mnov_gtseq_360",1,0,0,0,1,3,0,0,0,2,0,0,1,1,0,0,2,0,1,0,1,1,0,1,0.625,0
"35","Mnov_gtseq_117",0,0,0,0,5,1,0,0,0,0,0,0,0,0,0,0,6,0,1,1,0,2,0,0,0.666666666666667,0
"36","Mnov_gtseq_368",0,1,0,0,2,2,1,0,0,1,0,0,0,0,0,0,2,0,1,4,2,0,0,0,0.666666666666667,0
"37","Mnov_gtseq_192",0,0,0,0,1,0,1,0,1,0,2,0,0,1,0,0,1,0,2,2,1,5,0,0,0.708333333333333,0
"38","Mnov_gtseq_354",0,0,0,0,4,0,1,0,0,0,1,0,0,0,0,0,8,0,0,1,0,2,0,0,0.708333333333333,0
"39","Mnov_gtseq_110",0,0,0,0,3,0,1,0,0,1,2,0,0,0,0,0,4,0,3,2,0,4,0,0,0.833333333333333,0
"40","Mnov_gtseq_115",1,0,0,0,0,0,0,0,0,1,4,0,0,0,0,0,1,0,5,2,2,4,0,0,0.833333333333333,0
"41","Mnov_gtseq_348",0,0,0,0,5,2,0,0,0,2,1,0,0,0,0,0,2,0,1,1,2,4,0,0,0.833333333333333,0
"42","Mnov_gtseq_471",0,0,0,0,5,0,0,0,0,2,0,0,0,0,0,0,2,0,5,1,2,3,0,0,0.833333333333333,0
"43","Mnov_gtseq_374",0,0,0,1,3,1,1,0,0,0,0,0,1,0,0,0,6,0,1,3,1,3,0,0,0.875,0
"44","Mnov_gtseq_465",1,0,0,2,5,2,2,0,0,1,0,0,0,0,0,0,1,0,3,0,0,3,0,1,0.875,0
"45","Mnov_gtseq_550",2,1,0,0,3,0,0,0,0,0,4,0,0,0,0,0,1,0,4,0,3,3,0,0,0.875,0
"46","Mnov_gtseq_217",0,1,0,1,1,0,1,0,0,1,1,0,0,0,0,0,2,0,3,5,2,5,0,0,0.958333333333333,0
"47","Mnov_gtseq_124",0,0,0,1,1,2,1,0,0,0,1,0,1,3,0,0,4,0,4,3,2,1,0,0,1,1
"48","Mnov_gtseq_180",2,1,0,1,0,2,0,0,0,2,1,0,0,1,0,0,3,0,3,4,2,2,0,0,1,1
"49","Mnov_gtseq_107",0,0,0,0,4,0,0,0,0,2,0,0,0,4,0,0,2,0,3,2,1,7,0,0,1.04166666666667,0
"50","Mnov_gtseq_118",0,1,0,1,4,2,1,0,0,1,0,0,2,2,0,0,7,0,2,1,1,0,0,0,1.04166666666667,1
"51","Mnov_gtseq_148",1,0,0,0,6,1,1,0,0,2,2,0,0,1,1,0,0,0,3,1,4,3,0,0,1.08333333333333,1
"52","Mnov_gtseq_359",1,0,0,1,10,1,0,0,0,1,2,0,0,0,0,0,1,0,4,2,0,3,0,0,1.08333333333333,0
"53","Mnov_gtseq_342",0,1,0,0,6,0,2,0,0,5,0,0,0,0,0,0,3,0,1,2,2,6,0,0,1.16666666666667,0
"54","Mnov_gtseq_127",0,0,0,1,0,0,0,0,0,1,0,0,1,0,0,0,5,0,10,2,2,7,0,0,1.20833333333333,0
"55","Mnov_gtseq_361",0,0,0,1,5,2,0,0,0,0,2,0,1,0,0,0,5,0,4,4,2,3,0,0,1.20833333333333,0
"56","Mnov_gtseq_517",0,0,1,1,2,2,1,0,0,1,3,0,0,2,0,0,3,0,4,2,1,8,0,0,1.29166666666667,1
"57","Mnov_gtseq_316",0,0,0,1,4,3,5,0,1,1,0,0,1,0,0,0,3,0,4,2,4,3,0,0,1.33333333333333,1
"58","Mnov_gtseq_532",0,1,0,0,3,1,2,0,0,1,0,0,0,1,0,0,4,0,4,5,3,7,0,0,1.33333333333333,0
"59","Mnov_gtseq_371",0,2,0,0,8,1,2,0,0,0,0,0,0,2,0,0,5,1,5,2,0,5,0,0,1.375,0
"60","Mnov_gtseq_431",0,1,0,1,5,2,2,0,0,2,0,0,0,1,0,0,5,1,6,3,2,2,0,0,1.375,1
"61","Mnov_gtseq_173",0,0,1,2,4,2,4,0,0,0,1,0,1,2,0,0,1,0,7,4,3,1,0,1,1.41666666666667,1
"62","Mnov_gtseq_346",1,1,0,0,4,2,3,0,0,0,0,0,1,0,0,0,5,0,6,5,1,5,0,0,1.41666666666667,0
"63","Mnov_gtseq_383",0,0,0,0,2,1,0,0,0,4,0,0,1,2,0,0,8,0,2,4,2,8,0,0,1.41666666666667,0
"64","Mnov_gtseq_337",0,0,0,0,8,2,1,0,0,2,0,0,0,0,1,0,2,1,7,4,4,3,0,0,1.45833333333333,0
"65","Mnov_gtseq_106",0,0,0,0,1,0,3,0,0,0,1,0,1,3,0,0,3,1,9,2,0,12,0,0,1.5,0
"66","Mnov_gtseq_422",0,0,0,3,2,0,4,0,0,1,0,0,0,1,0,0,6,0,6,3,3,8,0,0,1.54166666666667,0
"67","Mnov_gtseq_546",0,1,2,1,9,6,2,0,0,2,0,0,2,0,0,0,4,1,3,1,1,2,0,1,1.58333333333333,1
"68","Mnov_gtseq_159",0,0,0,0,1,1,1,0,0,0,4,0,1,0,0,0,1,0,8,5,4,12,0,1,1.625,0
"69","Mnov_gtseq_5",1,1,0,0,2,2,5,0,0,1,1,0,1,2,0,0,1,0,9,4,3,6,0,0,1.625,1
"70","Mnov_gtseq_154",0,2,1,0,1,3,4,0,0,4,5,0,1,3,0,0,3,1,2,2,4,4,0,0,1.66666666666667,1
"71","Mnov_gtseq_178",0,1,0,0,8,1,2,0,0,1,1,0,0,2,0,0,3,0,11,3,3,4,0,0,1.66666666666667,1
"72","Mnov_gtseq_262",1,3,2,0,3,8,1,0,0,0,0,0,1,1,0,0,5,0,6,3,2,4,1,0,1.70833333333333,1
"73","Mnov_gtseq_340",2,2,0,1,3,1,5,0,0,1,1,0,0,1,0,0,4,0,9,4,4,3,0,0,1.70833333333333,1
"74","Mnov_gtseq_444",2,1,0,0,2,1,3,0,0,2,1,0,4,2,0,0,6,0,6,1,7,3,0,0,1.70833333333333,1
"75","Mnov_gtseq_129",1,0,0,0,1,10,3,0,0,0,0,0,0,0,0,1,9,0,5,7,3,2,0,0,1.75,0
"76","Mnov_gtseq_521",1,7,0,1,1,5,2,0,0,2,4,0,3,0,0,0,4,0,6,1,3,2,0,0,1.75,1
"77","Mnov_gtseq_373",0,3,1,0,5,1,3,0,0,1,2,0,1,3,0,0,6,0,9,1,2,6,0,0,1.83333333333333,1
"78","Mnov_gtseq_535",1,3,0,1,4,9,7,0,0,0,1,0,0,0,0,0,0,2,7,4,2,3,0,0,1.83333333333333,1
"79","Mnov_gtseq_446",1,3,0,3,3,5,6,0,0,1,0,0,0,2,0,0,8,0,3,3,1,6,0,0,1.875,1
"80","Mnov_gtseq_229",1,1,0,1,1,4,1,0,0,2,1,0,0,1,0,0,11,0,6,6,1,9,0,0,1.91666666666667,1
"81","Mnov_gtseq_231",1,0,0,2,3,2,4,0,0,1,0,0,1,1,0,0,3,0,11,3,1,13,0,0,1.91666666666667,1
"82","Mnov_gtseq_174",0,0,1,0,5,4,5,0,0,2,0,0,1,2,0,0,3,2,9,4,3,6,0,0,1.95833333333333,1
"83","Mnov_gtseq_245",1,1,0,1,5,0,4,0,0,0,1,0,0,1,0,0,5,1,12,9,2,4,0,0,1.95833333333333,1
"84","Mnov_gtseq_188",2,2,0,0,5,4,3,0,0,4,1,0,1,1,0,0,5,1,5,8,2,4,0,0,2,1
"85","Mnov_gtseq_304",0,1,0,0,1,1,2,0,0,8,3,0,3,0,0,0,5,1,2,21,0,0,0,0,2,0
"86","Mnov_gtseq_352",1,1,0,0,4,3,3,0,0,3,3,0,0,2,0,0,8,1,5,3,5,6,0,0,2,1
"87","Mnov_gtseq_187",0,0,0,1,5,2,4,0,0,1,1,0,0,2,0,0,4,0,12,5,3,9,0,0,2.04166666666667,1
"88","Mnov_gtseq_462",0,0,0,2,2,5,5,0,0,2,1,0,1,2,0,0,4,0,11,6,3,6,0,0,2.08333333333333,1
"89","Mnov_gtseq_144",1,3,0,0,1,1,5,0,0,5,2,0,1,5,0,0,8,0,0,8,4,7,0,0,2.125,1
"90","Mnov_gtseq_357",2,1,0,0,5,0,4,0,0,3,1,0,1,2,0,0,4,0,14,3,2,11,0,1,2.25,1
"91","Mnov_gtseq_421",3,2,0,0,3,2,5,0,0,1,0,0,1,1,0,0,5,3,11,4,5,8,0,0,2.25,1
"92","Mnov_gtseq_125",0,2,0,3,3,5,4,0,0,2,1,0,4,1,0,0,7,0,14,3,2,3,1,0,2.29166666666667,2
"93","Mnov_gtseq_324",8,0,0,11,4,31,1,0,0,0,0,0,0,0,0,0,0,0,0,0,0,1,0,0,2.33333333333333,0
"94","Mnov_gtseq_515",3,1,0,0,2,0,4,0,0,3,3,0,1,3,0,0,2,2,12,1,7,11,0,1,2.33333333333333,1
"95","Mnov_gtseq_44",0,0,0,0,0,0,0,0,0,8,10,0,3,0,0,0,5,2,8,4,2,16,0,0,2.41666666666667,0
"96","Mnov_gtseq_310",0,0,0,0,1,1,3,0,0,3,7,0,1,2,0,0,3,0,15,5,4,14,0,0,2.45833333333333,1
"97","Mnov_gtseq_311",0,3,1,1,7,3,6,0,0,3,4,0,1,5,0,0,6,1,7,5,3,3,0,0,2.45833333333333,2.45833333333333
"98","Mnov_gtseq_473",2,1,1,2,4,9,6,0,1,2,2,0,1,3,0,0,6,0,3,4,5,7,0,0,2.45833333333333,2
"99","Mnov_gtseq_288",0,0,0,0,5,0,0,0,0,0,2,0,0,0,0,0,4,0,12,5,3,29,0,0,2.5,0
"100","Mnov_gtseq_275",1,0,2,0,5,0,1,0,0,1,1,0,1,0,0,0,4,2,12,10,3,18,0,0,2.54166666666667,1
"101","Mnov_gtseq_454",0,2,0,0,5,3,4,0,0,5,1,0,1,2,0,0,5,0,16,5,3,8,0,1,2.54166666666667,1
"102","Mnov_gtseq_114",1,1,0,3,10,2,5,0,0,2,0,0,2,0,0,0,5,0,14,2,6,9,0,0,2.58333333333333,1
"103","Mnov_gtseq_196",2,1,1,3,1,6,4,0,0,3,3,0,2,1,0,0,5,0,17,5,2,7,0,0,2.625,2
"104","Mnov_gtseq_353",1,3,0,1,6,11,4,0,0,3,3,0,2,3,0,0,3,3,10,6,1,7,0,0,2.79166666666667,2.79166666666667
"105","Mnov_gtseq_112",1,4,0,3,9,2,7,0,0,6,1,0,2,4,0,0,6,1,9,3,2,9,0,0,2.875,2
"106","Mnov_gtseq_156",0,1,0,1,2,2,2,0,0,3,3,0,1,0,0,0,5,1,13,4,2,28,0,1,2.875,1
"107","Mnov_gtseq_402",3,1,0,0,5,0,5,0,0,4,10,0,1,1,0,0,3,0,16,3,7,9,0,1,2.875,1
"108","Mnov_gtseq_273",1,3,0,2,1,2,3,0,0,7,3,0,1,1,0,0,7,0,9,2,8,20,0,1,2.95833333333333,1
"109","Mnov_gtseq_160",5,4,0,4,1,3,2,0,0,10,2,0,4,1,0,0,10,1,10,4,5,6,1,1,3.08333333333333,2
"110","Mnov_gtseq_23",0,1,0,0,2,0,2,0,0,5,1,0,1,0,0,0,3,0,11,3,6,39,1,0,3.125,1
"111","Mnov_gtseq_139",3,2,0,2,5,6,5,0,0,3,1,0,2,3,0,0,13,0,12,6,6,7,0,0,3.16666666666667,2
"112","Mnov_gtseq_167",1,3,1,4,7,5,7,0,0,2,6,0,3,1,0,0,10,1,12,7,2,5,0,0,3.20833333333333,2
"113","Mnov_gtseq_264",0,1,0,0,4,1,2,0,0,6,1,0,0,5,0,0,8,2,20,7,2,20,0,0,3.29166666666667,1
"114","Mnov_gtseq_414",0,1,0,0,1,0,1,0,0,2,5,0,0,1,0,0,3,1,13,8,4,38,0,1,3.29166666666667,1
"115","Mnov_gtseq_307",1,3,0,0,5,8,10,0,0,6,1,0,0,5,0,0,10,2,12,9,2,5,0,1,3.33333333333333,2
"116","Mnov_gtseq_379",3,4,1,1,9,11,2,0,1,2,0,0,3,2,0,0,8,1,8,7,5,12,0,0,3.33333333333333,2
"117","Mnov_gtseq_234",2,0,0,1,3,4,3,0,0,1,2,0,3,2,0,0,7,1,23,10,3,17,0,0,3.41666666666667,2
"118","Mnov_gtseq_327",0,0,0,1,6,2,14,0,0,5,0,0,1,3,0,0,10,2,18,9,2,10,0,0,3.45833333333333,1
"119","Mnov_gtseq_145",2,4,1,3,3,8,4,0,0,2,1,0,0,4,0,0,11,2,13,6,4,18,0,0,3.58333333333333,2
"120","Mnov_gtseq_305",0,0,0,2,2,2,1,0,0,2,6,0,0,2,0,0,6,0,19,8,6,30,0,0,3.58333333333333,1
"121","Mnov_gtseq_448",1,1,0,1,6,1,4,0,0,3,3,0,1,0,0,0,7,2,24,10,4,17,0,1,3.58333333333333,1
"122","Mnov_gtseq_437",2,1,0,4,5,2,4,0,0,2,4,0,3,3,0,0,13,0,23,8,8,7,0,0,3.70833333333333,2
"123","Mnov_gtseq_549",1,3,0,0,4,3,7,0,1,7,1,0,2,3,0,0,16,1,15,6,4,18,0,0,3.83333333333333,2
"124","Mnov_gtseq_415",0,3,0,4,8,4,2,0,0,5,8,0,1,3,0,0,9,0,17,8,3,18,0,0,3.875,3
"125","Mnov_gtseq_378",3,5,1,2,6,9,7,0,0,4,2,0,2,5,0,0,5,1,9,14,9,10,0,0,3.91666666666667,3
"126","Mnov_gtseq_51",0,2,0,3,2,2,3,0,1,2,2,0,0,3,0,0,11,1,16,11,6,29,0,0,3.91666666666667,2
"127","Mnov_gtseq_358",0,2,0,1,2,1,3,0,0,4,2,0,2,1,1,0,6,0,28,13,2,27,0,0,3.95833333333333,1
"128","Mnov_gtseq_4",1,4,0,1,6,2,1,0,1,5,7,0,2,4,0,0,6,2,22,7,1,23,0,1,4,2
"129","Mnov_gtseq_189",2,3,0,1,2,1,5,0,0,8,4,0,3,2,0,0,9,0,18,17,5,18,0,1,4.125,2
"130","Mnov_gtseq_247",1,4,0,2,5,6,7,0,0,6,6,0,3,1,0,0,5,1,21,8,6,16,0,1,4.125,3
"131","Mnov_gtseq_322",0,5,0,0,4,4,8,0,0,4,6,0,3,2,0,0,3,0,20,9,9,21,0,1,4.125,3
"132","Mnov_gtseq_408",2,1,0,0,11,2,0,0,0,4,6,0,0,0,0,0,9,1,12,6,1,43,0,1,4.125,1
"133","Mnov_gtseq_228",1,6,0,1,2,3,7,0,0,6,2,0,0,2,0,0,14,1,20,10,4,22,0,0,4.20833333333333,2
"134","Mnov_gtseq_338",0,1,0,0,8,4,1,0,0,3,7,0,2,1,0,0,11,2,12,12,8,29,0,0,4.20833333333333,1
"135","Mnov_gtseq_406",2,1,0,1,1,4,7,0,0,4,3,0,4,5,0,0,8,0,16,16,5,26,0,0,4.29166666666667,2
"136","Mnov_gtseq_223",0,2,1,1,3,7,7,0,0,4,4,0,1,2,0,0,8,0,18,12,12,22,0,0,4.33333333333333,2
"137","Mnov_gtseq_447",5,5,0,4,9,10,6,0,0,6,2,0,2,3,0,0,13,0,14,7,7,12,0,0,4.375,4
"138","Mnov_gtseq_522",5,2,1,4,7,9,10,0,0,5,1,0,4,3,0,0,10,0,12,13,4,15,0,0,4.375,4
"139","Mnov_gtseq_320",1,3,0,0,12,2,3,0,0,2,5,0,2,1,0,0,6,2,23,19,2,23,0,0,4.41666666666667,2
"140","Mnov_gtseq_380",0,3,0,1,3,4,6,0,0,4,2,0,0,1,0,0,7,2,29,18,6,20,0,1,4.45833333333333,2
"141","Mnov_gtseq_22",3,5,0,1,3,6,8,0,0,4,10,0,0,3,0,0,15,0,14,13,11,13,0,0,4.54166666666667,3
"142","Mnov_gtseq_135",4,6,1,1,6,8,5,0,0,6,2,0,2,1,0,0,13,2,22,10,7,16,0,0,4.66666666666667,2
"143","Mnov_gtseq_149",2,1,1,3,4,5,7,0,0,6,1,0,0,6,0,0,14,2,26,12,2,20,0,0,4.66666666666667,2
"144","Mnov_gtseq_17",1,3,0,1,5,10,7,0,0,3,3,0,0,6,0,0,9,1,28,12,7,16,0,0,4.66666666666667,3
"145","Mnov_gtseq_548",1,3,0,2,7,8,7,0,0,6,4,0,7,0,0,0,7,1,22,7,8,23,0,0,4.70833333333333,3
"146","Mnov_gtseq_377",0,3,0,1,5,1,3,0,0,9,8,0,3,1,0,0,9,1,23,17,11,22,0,0,4.875,1
"147","Mnov_gtseq_463",1,1,0,1,1,6,12,0,0,5,5,0,2,1,0,0,14,1,26,16,7,18,0,0,4.875,1
"148","Mnov_gtseq_213",0,0,0,1,7,3,6,0,0,4,1,0,1,4,0,0,9,0,27,17,11,27,0,0,4.91666666666667,1
"149","Mnov_gtseq_230",2,3,0,0,3,4,18,0,0,11,5,0,3,6,1,0,16,2,15,12,7,10,0,1,4.95833333333333,3
"150","Mnov_gtseq_237",4,4,0,5,1,9,10,0,0,5,1,0,1,8,0,0,16,1,19,8,11,14,0,2,4.95833333333333,4
"151","Mnov_gtseq_523",2,11,1,5,1,10,11,0,0,4,1,0,5,3,1,0,8,2,19,14,4,16,0,1,4.95833333333333,3
"152","Mnov_gtseq_543",1,5,1,4,3,12,9,0,0,9,0,0,5,3,0,0,11,0,20,12,7,16,0,2,5,3
"153","Mnov_gtseq_166",0,1,0,1,6,16,6,0,0,9,6,0,1,5,0,0,15,6,20,4,12,12,0,1,5.04166666666667,4
"154","Mnov_gtseq_214",1,4,1,0,6,3,6,0,0,9,1,0,2,1,0,0,8,1,40,11,5,23,0,0,5.08333333333333,1
"155","Mnov_gtseq_151",3,2,0,5,1,8,13,0,0,8,16,0,4,5,0,0,10,0,24,2,11,10,1,1,5.16666666666667,3
"156","Mnov_gtseq_530",0,5,0,3,6,3,9,0,1,4,2,0,1,3,0,0,8,2,29,18,4,23,1,2,5.16666666666667,3
"157","Mnov_gtseq_88",2,11,0,6,1,3,1,0,1,2,3,0,15,7,0,0,2,0,50,5,5,11,0,0,5.20833333333333,2
"158","Mnov_gtseq_390",1,5,0,0,7,7,8,0,0,8,3,0,2,6,0,0,15,1,20,14,6,22,0,1,5.25,3
"159","Mnov_gtseq_419",1,3,0,4,6,6,5,0,0,7,9,0,4,3,0,0,14,1,23,11,14,15,0,0,5.25,4
"160","Mnov_gtseq_544",2,4,0,8,6,21,9,0,0,3,1,0,3,5,0,0,7,1,25,3,8,20,0,0,5.25,3
"161","Mnov_gtseq_545",2,4,0,6,5,8,14,0,0,4,1,0,3,5,0,0,12,1,34,10,7,10,0,0,5.25,4
"162","Mnov_gtseq_271",1,5,0,0,0,6,16,0,0,6,8,0,4,7,0,0,2,0,8,7,35,21,0,1,5.29166666666667,2
"163","Mnov_gtseq_309",5,5,0,3,2,7,5,0,0,15,4,0,3,2,0,0,10,1,19,11,12,23,0,0,5.29166666666667,3
"164","Mnov_gtseq_539",3,3,0,4,0,2,3,0,0,12,7,0,4,3,0,0,8,0,32,14,7,24,0,1,5.29166666666667,3
"165","Mnov_gtseq_301",2,3,0,1,8,8,5,0,0,8,3,0,3,7,0,0,14,0,20,11,20,14,0,1,5.33333333333333,3
"166","Mnov_gtseq_270",1,0,1,0,3,1,4,0,1,6,10,0,3,7,0,0,8,1,35,11,8,29,0,0,5.375,1
"167","Mnov_gtseq_326",4,8,0,2,2,2,11,0,0,8,3,0,4,2,0,0,16,1,32,6,10,17,0,1,5.375,2
"168","Mnov_gtseq_332",0,0,0,2,8,3,4,0,1,5,5,0,2,2,0,0,16,0,30,13,9,29,0,0,5.375,2
"169","Mnov_gtseq_152",3,5,0,5,7,11,11,0,0,6,3,0,3,5,0,0,9,0,26,12,5,19,0,0,5.41666666666667,5
"170","Mnov_gtseq_445",2,5,0,2,6,7,9,0,0,7,3,0,4,6,0,0,19,1,22,14,13,10,0,0,5.41666666666667,4
"171","Mnov_gtseq_507",3,3,0,4,6,16,13,0,1,5,5,0,1,3,0,2,11,3,23,18,5,7,1,0,5.41666666666667,3
"172","Mnov_gtseq_47",2,9,0,1,0,8,5,0,0,7,6,0,2,3,0,0,10,1,38,4,10,23,0,2,5.45833333333333,2
"173","Mnov_gtseq_511",1,4,0,0,3,4,9,0,0,6,5,0,1,3,0,0,8,2,29,10,10,34,1,1,5.45833333333333,3
"174","Mnov_gtseq_182",2,8,0,2,8,5,6,0,0,5,2,0,3,2,0,0,11,2,19,12,14,31,0,1,5.54166666666667,2
"175","Mnov_gtseq_80",3,1,0,7,7,6,5,0,0,10,4,0,5,8,0,0,17,3,20,14,9,12,1,1,5.54166666666667,5
"176","Mnov_gtseq_246",3,4,0,6,1,7,9,0,0,6,2,0,6,1,0,0,11,1,28,12,12,28,0,0,5.70833333333333,3
"177","Mnov_gtseq_370",0,10,0,8,13,20,11,0,0,6,3,0,2,6,0,0,8,2,22,9,9,10,0,0,5.79166666666667,5.79166666666667
"178","Mnov_gtseq_253",2,1,0,1,4,4,12,0,0,9,2,0,5,1,0,0,13,0,28,24,13,21,0,0,5.83333333333333,2
"179","Mnov_gtseq_372",1,6,0,0,9,1,11,0,0,6,3,0,2,5,0,0,19,1,32,17,11,17,0,1,5.91666666666667,2
"180","Mnov_gtseq_334",2,8,2,4,12,11,10,0,0,9,3,0,3,6,0,0,12,1,17,16,9,18,0,0,5.95833333333333,4
"181","Mnov_gtseq_113",0,3,2,1,3,6,6,0,0,5,7,0,1,10,0,0,14,1,33,17,8,28,0,0,6.04166666666667,3
"182","Mnov_gtseq_93",4,13,0,2,8,9,18,0,0,7,4,0,3,6,0,0,14,0,19,12,9,17,0,0,6.04166666666667,4
"183","Mnov_gtseq_417",2,5,0,1,2,2,9,0,0,3,7,0,2,1,0,0,7,4,46,16,8,35,0,0,6.25,2
"184","Mnov_gtseq_313",3,6,0,6,7,3,10,0,0,9,6,0,3,3,0,0,14,2,25,21,10,24,0,1,6.375,3
"185","Mnov_gtseq_203",1,2,0,2,4,8,6,0,0,4,10,0,3,2,0,0,16,4,12,16,5,61,0,1,6.54166666666667,3
"186","Mnov_gtseq_420",1,6,0,0,0,4,6,0,0,8,12,0,0,10,0,0,1,1,54,9,5,42,0,0,6.625,1
"187","Mnov_gtseq_45",3,6,0,1,5,7,9,0,0,9,14,0,9,4,0,0,10,1,30,6,25,23,0,3,6.875,5
"188","Mnov_gtseq_452",1,8,0,3,8,4,10,0,2,10,6,0,3,4,0,0,14,4,25,18,12,33,0,0,6.875,4
"189","Mnov_gtseq_424",0,13,1,2,8,16,11,0,0,7,4,0,4,6,0,0,13,2,31,17,12,18,0,1,6.91666666666667,4
"190","Mnov_gtseq_102",4,8,0,1,8,12,15,0,0,4,7,0,2,4,0,0,7,2,36,22,10,31,1,1,7.29166666666667,4
"191","Mnov_gtseq_224",5,5,2,5,3,8,10,0,0,13,8,0,5,3,0,0,18,0,38,20,4,27,0,1,7.29166666666667,5
"192","Mnov_gtseq_315",1,9,1,6,11,20,10,0,0,12,3,0,4,10,1,0,15,2,23,24,11,12,1,1,7.375,6
"193","Mnov_gtseq_339",3,5,1,3,6,12,6,0,0,6,6,0,10,8,0,0,18,2,27,27,11,26,0,0,7.375,6
"194","Mnov_gtseq_157",1,5,2,9,11,22,15,0,0,13,4,0,5,5,0,0,15,1,24,18,5,24,0,0,7.45833333333333,5
"195","Mnov_gtseq_54",3,7,1,1,3,10,8,0,0,13,7,0,3,9,0,0,15,0,40,13,11,34,0,1,7.45833333333333,3
"196","Mnov_gtseq_155",2,4,1,9,6,21,17,0,0,6,4,0,4,4,0,0,17,3,38,15,12,18,0,0,7.54166666666667,4
"197","Mnov_gtseq_222",1,9,0,0,6,1,8,0,0,19,7,0,14,7,0,0,13,2,43,11,5,34,0,1,7.54166666666667,5
"198","Mnov_gtseq_441",7,9,2,8,5,16,10,0,0,12,4,0,5,9,0,0,19,2,24,18,9,22,0,1,7.58333333333333,7
"199","Mnov_gtseq_50",0,5,0,6,5,13,18,0,0,5,7,0,3,8,1,0,17,1,42,29,9,14,0,1,7.66666666666667,5
"200","Mnov_gtseq_391",11,10,1,12,5,19,23,0,0,17,7,0,9,6,0,0,12,1,45,1,0,1,0,5,7.70833333333333,5
"201","Mnov_gtseq_37",0,2,1,1,3,2,12,0,1,10,6,0,4,4,0,0,19,1,40,32,5,44,0,0,7.79166666666667,2
"202","Mnov_gtseq_250",1,3,0,2,7,5,15,0,0,5,7,0,4,7,0,0,16,4,43,19,9,42,0,0,7.875,4
"203","Mnov_gtseq_256",1,1,0,0,11,3,0,0,4,2,8,0,4,6,0,0,7,3,43,11,14,72,0,0,7.91666666666667,3
"204","Mnov_gtseq_400",2,6,0,3,1,8,14,0,0,8,7,0,5,5,0,0,22,1,52,17,6,32,0,2,7.95833333333333,5
"205","Mnov_gtseq_162",7,4,0,3,3,10,10,0,0,23,24,0,16,9,0,1,2,1,10,7,39,19,0,5,8.04166666666667,5
"206","Mnov_gtseq_366",2,8,2,8,9,14,16,0,0,8,5,0,5,4,0,0,16,3,32,23,14,24,0,1,8.08333333333333,5
"207","Mnov_gtseq_6",1,2,0,1,8,2,12,0,1,6,7,0,5,3,0,0,15,2,32,29,11,57,0,0,8.08333333333333,2
"208","Mnov_gtseq_138",3,7,2,10,4,15,18,0,0,13,6,0,2,10,0,0,22,2,32,12,9,29,0,0,8.16666666666667,6
"209","Mnov_gtseq_356",0,7,1,2,2,9,9,0,0,9,7,0,5,6,0,0,20,2,41,21,17,35,1,2,8.16666666666667,5
"210","Mnov_gtseq_254",1,8,3,8,8,20,18,0,0,10,2,0,1,8,0,0,20,2,45,19,7,20,0,0,8.33333333333333,7
"211","Mnov_gtseq_318",1,7,1,6,1,16,15,0,0,15,8,0,2,5,0,0,20,3,40,20,18,25,0,0,8.45833333333333,5
"212","Mnov_gtseq_63",10,13,0,1,0,8,13,0,0,13,21,0,13,5,0,0,10,0,34,4,30,29,0,1,8.54166666666667,5
"213","Mnov_gtseq_478",3,7,0,6,2,17,15,0,0,11,10,0,5,9,0,0,20,3,45,19,7,26,0,1,8.58333333333333,6
"214","Mnov_gtseq_240",3,7,0,8,8,11,18,0,0,15,8,0,2,9,0,0,21,1,46,10,13,28,0,0,8.66666666666667,8
"215","Mnov_gtseq_514",3,13,1,7,1,12,26,0,0,11,3,0,4,12,0,0,23,0,36,22,19,18,1,0,8.83333333333333,4
"216","Mnov_gtseq_239",3,9,0,9,4,15,12,0,0,18,3,0,5,10,0,0,26,3,36,15,20,26,0,0,8.91666666666667,5
"217","Mnov_gtseq_347",2,4,2,1,9,13,18,0,0,9,9,0,7,5,0,0,27,2,34,24,14,35,1,1,9.04166666666667,5
"218","Mnov_gtseq_210",1,8,0,5,8,12,15,0,0,7,10,0,2,4,0,0,20,2,42,32,18,31,0,1,9.08333333333333,5
"219","Mnov_gtseq_520",8,10,0,4,2,14,16,0,0,13,10,0,11,6,0,1,16,0,36,13,27,31,0,1,9.125,8
"220","Mnov_gtseq_161",1,5,1,0,2,8,10,0,0,18,11,0,4,7,0,0,22,0,59,19,13,38,1,2,9.20833333333333,4
"221","Mnov_gtseq_504",4,10,0,4,1,13,14,0,1,23,13,0,15,9,0,0,16,1,34,19,16,28,0,0,9.20833333333333,9
"222","Mnov_gtseq_509",1,4,1,0,5,5,11,0,0,12,14,0,2,4,0,0,20,2,44,29,11,57,0,0,9.25,4
"223","Mnov_gtseq_170",3,5,0,7,2,17,11,0,0,12,6,0,4,7,0,0,19,5,53,28,12,32,0,1,9.33333333333333,5
"224","Mnov_gtseq_220",6,9,1,6,6,25,23,0,0,16,5,0,7,6,0,0,22,3,39,27,10,14,0,2,9.45833333333333,6
"225","Mnov_gtseq_3",1,26,0,0,0,72,0,0,0,0,0,0,34,0,0,0,0,6,0,0,0,89,0,0,9.5,0
"226","Mnov_gtseq_502",2,4,0,2,8,6,8,0,0,12,10,0,4,6,0,0,23,1,47,29,10,59,0,2,9.70833333333333,4
"227","Mnov_gtseq_13",6,7,0,7,4,12,12,0,0,13,9,0,3,5,0,0,31,5,41,29,19,33,0,0,9.83333333333333,6
"228","Mnov_gtseq_60",1,11,0,3,3,12,14,0,0,9,6,0,6,15,0,0,24,0,44,26,16,45,0,1,9.83333333333333,6
"229","Mnov_gtseq_12",5,5,0,1,4,16,18,0,0,13,10,0,9,5,0,0,17,4,49,24,11,47,0,0,9.91666666666667,5
"230","Mnov_gtseq_276",4,11,0,9,8,19,24,0,0,15,3,0,6,8,0,0,20,1,46,21,12,33,0,1,10.0416666666667,8
"231","Mnov_gtseq_204",2,4,1,2,11,7,10,0,0,18,9,0,3,7,0,0,35,3,42,23,10,56,0,1,10.1666666666667,4
"232","Mnov_gtseq_216",0,11,2,6,7,13,19,0,1,12,7,0,5,9,0,0,23,3,53,19,13,40,0,2,10.2083333333333,7
"233","Mnov_gtseq_40",5,12,0,10,7,25,21,0,0,21,9,0,7,8,0,0,14,1,38,24,17,32,1,0,10.5,8
"234","Mnov_gtseq_55",3,8,0,1,3,7,12,0,0,19,19,0,9,6,0,0,20,2,55,21,22,43,0,2,10.5,6
"235","Mnov_gtseq_335",7,12,1,11,13,21,16,0,1,10,7,0,3,16,0,1,26,4,46,24,8,24,1,1,10.5416666666667,8
"236","Mnov_gtseq_475",6,10,0,10,6,18,26,0,0,12,6,0,4,11,0,0,20,1,52,18,19,38,0,0,10.7083333333333,6
"237","Mnov_gtseq_218",11,14,0,10,0,16,12,0,0,26,7,0,7,13,0,0,25,1,51,10,28,23,0,6,10.8333333333333,10
"238","Mnov_gtseq_143",6,7,1,11,2,23,19,0,0,15,9,0,14,13,0,0,26,1,48,22,22,23,0,0,10.9166666666667,9
"239","Mnov_gtseq_258",0,5,0,2,11,10,18,0,0,17,11,0,4,14,0,0,23,5,56,24,21,40,0,1,10.9166666666667,5
"240","Mnov_gtseq_260",3,7,0,10,7,30,19,0,0,18,7,0,7,12,0,0,19,6,47,24,14,36,0,0,11.0833333333333,7
"241","Mnov_gtseq_291",2,11,0,5,2,9,28,0,0,12,7,0,13,6,0,0,32,4,49,29,25,34,0,0,11.1666666666667,6
"242","Mnov_gtseq_317",3,3,0,1,3,2,11,0,0,12,14,0,7,4,0,0,26,3,74,37,23,43,0,2,11.1666666666667,3
"243","Mnov_gtseq_344",4,5,0,7,5,14,23,0,0,23,8,0,3,9,0,0,21,3,54,29,11,47,0,2,11.1666666666667,5
"244","Mnov_gtseq_281",5,10,1,5,2,8,17,0,0,12,14,0,3,10,0,0,29,2,60,42,16,39,1,2,11.5833333333333,5
"245","Mnov_gtseq_278",11,17,0,5,1,17,15,0,0,24,16,0,21,7,0,0,21,1,47,8,39,24,2,4,11.6666666666667,8
"246","Mnov_gtseq_251",3,9,1,9,2,16,20,0,0,19,12,0,6,16,1,0,33,2,54,24,22,37,0,0,11.9166666666667,9
"247","Mnov_gtseq_58",0,8,0,1,7,4,17,0,0,6,10,0,3,5,0,0,13,3,77,33,19,80,0,3,12.0416666666667,4
"248","Mnov_gtseq_20",3,14,1,3,3,10,30,0,0,14,20,0,8,7,0,0,23,1,67,25,24,37,0,1,12.125,7
"249","Mnov_gtseq_285",12,11,2,8,7,34,24,0,0,19,7,0,7,9,0,0,23,4,48,29,19,26,0,3,12.1666666666667,8
"250","Mnov_gtseq_376",12,0,2,13,9,50,34,0,1,12,17,0,11,3,0,0,56,1,53,1,15,0,2,2,12.25,3
"251","Mnov_gtseq_257",2,8,3,7,7,15,19,0,0,14,16,0,6,10,0,0,30,2,70,33,20,36,0,1,12.4583333333333,7
"252","Mnov_gtseq_141",0,12,0,4,7,10,21,0,0,12,10,0,7,10,0,0,30,2,90,33,25,39,0,1,13.0416666666667,7
"253","Mnov_gtseq_158",9,14,3,24,4,44,23,0,0,21,8,0,7,6,2,0,28,2,49,31,18,18,0,2,13.0416666666667,8
"254","Mnov_gtseq_533",3,12,1,10,7,16,28,0,1,27,6,0,6,13,0,0,28,1,50,42,24,40,0,0,13.125,7
"255","Mnov_gtseq_82",12,7,0,5,4,21,42,0,0,18,14,0,7,9,0,0,18,0,68,15,34,42,0,0,13.1666666666667,7
"256","Mnov_gtseq_56",11,14,0,2,0,10,18,0,0,23,44,0,11,7,0,0,20,1,56,15,50,33,0,3,13.25,10
"257","Mnov_gtseq_238",6,11,1,10,3,28,21,0,0,17,9,0,8,23,0,0,22,3,70,22,20,47,0,1,13.4166666666667,9
"258","Mnov_gtseq_208",5,8,0,7,5,22,28,0,0,20,4,0,11,7,0,0,33,3,58,40,23,50,0,0,13.5,7
"259","Mnov_gtseq_25",4,9,0,1,3,3,15,0,3,26,24,0,15,12,0,0,28,0,80,11,42,45,0,3,13.5,4
"260","Mnov_gtseq_74",9,10,1,8,15,33,29,0,0,21,9,0,6,8,0,0,37,10,42,34,18,28,4,2,13.5,9
"261","Mnov_gtseq_460",5,7,1,9,6,23,18,0,1,18,11,0,8,13,0,0,38,1,63,33,22,50,0,1,13.6666666666667,8
"262","Mnov_gtseq_363",2,2,2,3,5,17,30,0,0,20,12,0,6,9,0,0,31,6,76,53,23,35,0,1,13.875,6
"263","Mnov_gtseq_53",5,16,0,11,5,16,17,0,0,20,8,0,10,9,1,0,29,1,70,39,27,49,0,0,13.875,9
"264","Mnov_gtseq_70",2,7,1,4,15,14,25,0,0,21,16,0,8,8,0,1,26,2,60,38,23,64,0,1,14,8
"265","Mnov_gtseq_274",5,9,3,5,5,19,25,0,0,16,6,0,11,17,0,0,37,4,63,36,21,55,0,0,14.0416666666667,6
"266","Mnov_gtseq_345",5,7,0,9,7,22,17,0,0,17,13,0,6,10,0,0,35,6,78,37,27,43,2,0,14.2083333333333,7
"267","Mnov_gtseq_66",13,19,1,12,5,20,23,0,0,23,16,0,13,15,0,0,32,0,56,15,35,39,1,3,14.2083333333333,13
"268","Mnov_gtseq_410",6,9,0,10,4,22,27,0,0,20,11,0,14,13,0,1,38,2,74,29,26,37,2,1,14.4166666666667,10
"269","Mnov_gtseq_215",7,16,0,8,7,29,32,0,0,13,9,0,13,17,0,0,33,4,63,30,23,42,1,1,14.5,9
"270","Mnov_gtseq_15",4,17,0,6,4,23,34,0,1,16,12,0,9,16,0,0,33,7,73,29,21,46,0,1,14.6666666666667,9
"271","Mnov_gtseq_10",5,13,1,5,5,12,27,0,0,19,12,0,7,8,0,0,41,3,77,41,26,50,1,1,14.75,7
"272","Mnov_gtseq_206",2,4,0,7,6,15,20,0,0,25,10,0,4,5,0,0,43,1,87,36,21,67,0,1,14.75,5
"273","Mnov_gtseq_62",14,0,1,0,0,20,40,0,5,0,33,0,23,36,0,0,0,0,119,0,0,74,0,4,15.375,0
"274","Mnov_gtseq_68",5,5,0,4,11,11,30,0,0,25,17,0,9,4,0,0,28,7,85,33,26,66,0,3,15.375,7
"275","Mnov_gtseq_2",5,23,0,7,6,22,23,0,0,23,15,0,9,20,0,0,27,0,78,21,37,52,0,3,15.4583333333333,9
"276","Mnov_gtseq_197",9,17,1,5,1,13,16,0,1,35,23,0,20,14,0,0,32,0,68,17,53,47,1,2,15.625,13
"277","Mnov_gtseq_302",3,7,3,0,2,7,25,0,2,12,16,1,7,6,0,0,24,4,100,40,17,101,0,0,15.7083333333333,6
"278","Mnov_gtseq_209",4,10,3,16,9,46,30,0,0,15,14,0,15,13,0,0,36,4,67,38,20,38,0,2,15.8333333333333,13
"279","Mnov_gtseq_79",1,2,0,3,4,13,8,0,3,18,19,0,0,2,0,0,19,1,106,37,28,115,0,2,15.875,3
"280","Mnov_gtseq_126",4,12,1,10,4,28,27,0,1,29,9,0,8,10,0,0,34,5,61,49,31,60,0,2,16.0416666666667,9
"281","Mnov_gtseq_269",5,14,0,8,6,17,38,0,1,27,21,0,25,14,0,0,28,1,58,35,40,44,0,3,16.0416666666667,14
"282","Mnov_gtseq_205",5,23,0,17,9,28,31,0,0,30,13,0,11,13,0,0,31,4,73,33,14,49,0,4,16.1666666666667,13
"283","Mnov_gtseq_518",7,26,1,23,5,45,30,0,0,23,12,0,9,16,1,0,36,3,62,31,21,37,0,1,16.2083333333333,12
"284","Mnov_gtseq_48",6,9,1,11,6,33,45,0,2,36,13,1,14,16,0,0,47,6,50,28,20,44,1,4,16.375,11
"285","Mnov_gtseq_265",5,16,0,12,7,42,36,0,0,22,12,0,13,17,0,0,31,4,69,34,25,47,2,0,16.4166666666667,12
"286","Mnov_gtseq_451",9,11,3,15,8,35,36,0,0,27,12,0,12,7,0,0,48,6,68,35,26,43,1,2,16.8333333333333,11
"287","Mnov_gtseq_69",5,18,0,7,5,21,31,0,0,21,10,0,7,19,0,1,42,7,69,41,29,72,0,1,16.9166666666667,7
"288","Mnov_gtseq_479",6,20,0,13,7,42,24,0,0,28,10,0,18,21,0,0,38,3,61,40,29,46,1,3,17.0833333333333,13
"289","Mnov_gtseq_28",11,26,1,13,8,37,36,0,0,22,2,0,8,11,0,0,37,2,69,43,24,60,0,3,17.2083333333333,11
"290","Mnov_gtseq_472",3,9,1,12,15,14,24,0,0,25,11,0,10,11,0,0,33,3,91,54,14,85,0,1,17.3333333333333,11
"291","Mnov_gtseq_232",16,22,1,9,1,27,34,0,0,29,21,0,19,22,0,0,31,0,80,24,41,49,1,0,17.7916666666667,17.7916666666667
"292","Mnov_gtseq_16",9,21,2,22,6,29,39,0,0,27,10,0,14,19,0,0,39,5,68,36,37,41,1,3,17.8333333333333,14
"293","Mnov_gtseq_243",9,19,0,4,1,19,31,0,0,34,20,0,14,14,0,0,36,1,111,19,49,48,0,4,18.0416666666667,14
"294","Mnov_gtseq_255",8,17,0,13,6,21,34,0,0,29,15,0,9,10,0,0,43,4,75,50,33,63,0,3,18.0416666666667,10
"295","Mnov_gtseq_323",4,6,1,8,5,29,28,0,0,30,17,0,11,7,0,0,47,3,87,50,33,73,0,0,18.2916666666667,7
"296","Mnov_gtseq_81",1,8,0,6,12,12,43,0,0,41,18,1,11,20,0,0,73,10,70,41,16,60,0,1,18.5,11
"297","Mnov_gtseq_312",4,6,0,6,7,31,34,0,0,29,11,0,6,21,0,0,36,4,94,57,31,65,1,4,18.625,6
"298","Mnov_gtseq_46",9,30,0,8,1,9,43,0,0,23,20,0,13,14,0,0,42,4,115,44,34,67,0,3,19.9583333333333,9
"299","Mnov_gtseq_292",6,13,1,13,4,33,39,0,0,31,15,0,16,21,1,0,39,3,86,50,47,61,0,7,20.25,13
"300","Mnov_gtseq_470",5,19,0,6,9,30,35,0,0,40,11,0,14,21,0,1,49,5,102,60,42,69,0,3,21.7083333333333,11
"301","Mnov_gtseq_84",11,22,1,15,2,36,47,0,1,24,19,0,14,26,0,0,50,7,86,58,38,66,1,1,21.875,15
"302","Mnov_gtseq_235",7,15,0,6,4,35,38,0,0,34,22,0,10,15,0,0,52,2,84,70,46,85,0,2,21.9583333333333,10
"303","Mnov_gtseq_71",9,19,2,10,7,32,45,0,1,25,13,0,11,23,0,0,48,5,101,53,40,81,0,4,22.0416666666667,11
"304","Mnov_gtseq_86",11,22,2,21,3,50,46,0,0,23,23,0,24,21,0,0,46,3,93,64,30,46,0,3,22.125,21
"305","Mnov_gtseq_1",9,19,1,9,12,18,41,0,0,31,24,0,13,25,0,0,64,7,96,53,40,69,0,1,22.1666666666667,13
"306","Mnov_gtseq_547",9,36,1,18,16,53,43,0,1,37,17,0,16,10,0,0,48,2,96,60,31,55,0,1,22.9166666666667,16
"307","Mnov_gtseq_200",6,14,0,1,1,7,18,0,0,32,35,0,12,15,0,0,48,1,126,78,65,88,1,3,22.9583333333333,7
"308","Mnov_gtseq_190",4,15,1,6,12,43,43,0,0,45,32,0,10,28,0,0,37,9,115,54,22,75,0,1,23,12
"309","Mnov_gtseq_328",15,28,2,21,5,64,46,0,1,35,15,0,13,18,0,0,48,7,84,51,38,72,0,1,23.5,15
"310","Mnov_gtseq_140",11,24,3,27,11,50,37,0,0,39,25,0,27,9,0,0,49,7,88,53,46,62,1,3,23.8333333333333,23.8333333333333
"311","Mnov_gtseq_289",11,13,0,4,5,26,43,0,1,36,18,0,20,26,0,0,49,1,125,60,44,88,0,3,23.875,13
"312","Mnov_gtseq_19",12,24,1,30,15,63,64,0,1,37,10,0,14,19,0,0,46,1,106,55,35,45,0,0,24.0833333333333,15
"313","Mnov_gtseq_75",6,32,0,16,9,59,69,0,0,30,23,0,11,26,0,0,50,3,122,20,25,82,0,4,24.4583333333333,16
"314","Mnov_gtseq_468",7,14,1,9,9,39,54,0,0,48,25,0,9,25,0,0,30,4,114,69,54,77,0,0,24.5,9
"315","Mnov_gtseq_225",24,33,1,10,2,38,48,0,1,50,41,0,25,29,0,0,46,0,97,14,72,49,1,8,24.5416666666667,24
"316","Mnov_gtseq_308",11,22,3,20,5,50,56,0,1,26,34,0,21,20,0,1,56,8,98,57,40,65,0,3,24.875,20
"317","Mnov_gtseq_8",12,13,0,10,2,16,60,0,1,37,36,1,33,34,0,0,42,3,89,38,52,116,0,5,25,13
"318","Mnov_gtseq_398",5,18,0,8,6,37,43,0,0,39,27,0,18,31,0,0,52,3,113,72,45,88,0,5,25.4166666666667,18
"319","Mnov_gtseq_244",5,17,2,11,7,43,38,0,0,58,25,0,23,27,0,0,44,5,133,66,35,79,0,1,25.7916666666667,17
"320","Mnov_gtseq_394",7,28,1,10,5,59,47,0,1,41,25,0,16,28,0,0,70,5,127,53,38,62,0,2,26.0416666666667,16
"321","Mnov_gtseq_61",10,22,0,20,4,48,59,0,0,39,16,0,25,21,0,0,56,8,121,56,29,87,0,5,26.0833333333333,20
"322","Mnov_gtseq_426",11,31,3,22,4,71,51,0,0,43,18,0,19,20,0,0,42,11,130,54,40,52,1,4,26.125,19
"323","Mnov_gtseq_314",6,19,0,7,4,29,54,0,1,37,29,0,10,22,0,0,53,3,139,61,54,100,0,2,26.25,10
"324","Mnov_gtseq_248",7,23,0,24,9,87,53,0,1,38,21,0,21,26,0,1,71,5,81,63,35,65,0,1,26.3333333333333,21
"325","Mnov_gtseq_341",21,40,0,20,1,33,53,0,0,42,38,0,31,22,0,0,52,1,103,28,99,42,0,8,26.4166666666667,22
"326","Mnov_gtseq_27",15,29,0,32,8,77,59,0,1,49,7,0,19,27,0,1,49,3,108,53,44,65,1,2,27.0416666666667,19
"327","Mnov_gtseq_405",26,31,0,14,0,45,38,0,0,45,45,0,28,31,0,0,46,2,121,18,100,49,0,14,27.2083333333333,26
"328","Mnov_gtseq_104",7,19,0,18,2,49,35,0,0,45,25,0,20,30,0,0,59,3,141,70,52,82,0,2,27.4583333333333,19
"329","Mnov_gtseq_92",2,10,1,4,11,19,39,0,0,31,29,0,14,21,0,0,52,4,156,94,48,130,0,2,27.7916666666667,11
"330","Mnov_gtseq_65",9,35,0,10,4,31,65,0,2,50,23,0,25,30,0,0,39,2,130,44,68,95,1,5,27.8333333333333,23
"331","Mnov_gtseq_261",10,27,1,11,5,26,39,0,0,43,25,0,23,17,1,0,79,2,121,88,64,98,0,1,28.375,17
"332","Mnov_gtseq_227",21,51,3,15,2,28,50,0,0,64,53,0,39,32,0,0,31,0,92,13,142,34,1,35,29.4166666666667,28
"333","Mnov_gtseq_395",22,23,3,17,14,58,48,0,0,52,15,0,21,23,0,0,76,3,138,52,51,93,1,1,29.625,21
"334","Mnov_gtseq_38",8,37,0,9,4,38,42,0,3,62,25,0,23,20,0,0,67,2,172,38,71,95,1,7,30.1666666666667,20
"335","Mnov_gtseq_43",14,35,3,19,3,45,65,0,0,42,39,0,19,31,0,0,72,3,121,52,72,83,0,7,30.2083333333333,19
"336","Mnov_gtseq_407",10,16,0,10,10,47,61,0,0,45,34,0,15,32,0,0,68,2,158,83,44,91,0,6,30.5,15
"337","Mnov_gtseq_333",11,38,1,27,8,54,67,1,1,39,20,0,28,38,1,0,65,4,143,59,50,82,0,2,30.7916666666667,27
"338","Mnov_gtseq_94",4,19,0,2,2,17,41,0,1,55,60,0,31,24,0,0,47,1,147,44,118,120,0,10,30.9583333333333,17
"339","Mnov_gtseq_321",14,25,2,29,7,52,66,0,0,56,22,0,22,29,1,0,58,1,145,51,75,98,0,3,31.5,22
"340","Mnov_gtseq_399",22,33,2,30,7,79,70,0,2,46,23,0,19,24,1,0,65,7,143,54,42,91,0,6,31.9166666666667,23
"341","Mnov_gtseq_474",12,14,0,6,22,35,61,0,1,44,54,0,13,27,0,0,91,9,144,100,65,107,2,2,33.7083333333333,14
"342","Mnov_gtseq_413",10,36,2,26,7,86,64,0,0,57,35,0,27,26,1,0,82,5,138,82,49,90,0,4,34.4583333333333,26
"343","Mnov_gtseq_277",19,44,4,44,6,100,71,0,0,58,18,0,24,34,0,0,66,11,125,70,41,91,1,2,34.5416666666667,24
"344","Mnov_gtseq_202",18,32,1,23,8,74,59,0,1,67,21,0,30,34,1,0,79,9,141,90,59,79,1,6,34.7083333333333,23
"345","Mnov_gtseq_299",16,32,0,19,4,47,52,0,0,56,58,0,45,30,0,0,88,2,143,67,99,87,0,2,35.2916666666667,30
"346","Mnov_gtseq_477",18,32,0,35,1,79,76,0,0,68,28,1,25,36,0,0,68,5,148,88,69,117,0,4,37.4166666666667,28
"347","Mnov_gtseq_195",27,43,0,38,7,93,50,0,0,52,28,0,18,40,0,0,89,4,163,91,60,116,1,3,38.4583333333333,28
"348","Mnov_gtseq_33",7,23,2,13,4,47,80,0,3,59,27,0,27,41,0,0,99,7,194,88,77,139,0,3,39.1666666666667,23
"349","Mnov_gtseq_300",10,32,5,22,6,62,50,0,0,69,12,0,19,46,1,0,97,2,190,105,81,127,1,5,39.25,19
"350","Mnov_gtseq_211",1,9,1,4,4,18,20,0,0,49,86,0,22,24,0,0,62,11,215,139,66,249,0,3,40.9583333333333,11
"351","Mnov_gtseq_42",17,42,1,20,8,57,93,0,1,57,32,0,29,49,0,1,108,7,162,103,68,118,3,7,40.9583333333333,29
"352","Mnov_gtseq_41",13,21,0,1,4,15,37,0,1,58,91,1,30,29,0,0,75,4,251,82,130,137,0,11,41.2916666666667,15
"353","Mnov_gtseq_440",9,44,1,23,8,70,73,0,1,59,36,0,35,45,0,0,92,8,180,103,85,117,1,6,41.5,35
"354","Mnov_gtseq_64",19,49,0,15,6,54,73,0,2,65,54,0,49,32,0,0,88,0,189,55,127,123,0,9,42.0416666666667,32
"355","Mnov_gtseq_39",25,55,4,32,6,102,76,0,0,74,32,0,36,36,1,1,104,8,201,88,75,100,0,2,44.0833333333333,32
"356","Mnov_gtseq_263",16,35,0,15,6,72,83,0,0,65,41,0,24,31,0,0,88,13,225,136,84,117,1,8,44.1666666666667,24
"357","Mnov_gtseq_401",3,19,0,7,10,37,76,0,0,53,54,0,31,38,1,0,91,12,227,116,97,188,0,4,44.3333333333333,19
"358","Mnov_gtseq_83",24,50,0,27,0,63,91,0,2,83,44,0,39,41,0,0,112,3,207,91,90,122,1,4,45.5833333333333,39
"359","Mnov_gtseq_416",30,48,10,62,6,140,91,0,0,78,34,0,35,44,0,0,98,12,178,90,71,89,0,13,47.0416666666667,35
"360","Mnov_gtseq_26",33,57,6,44,8,111,89,0,0,92,36,1,35,35,0,0,93,5,197,101,68,125,0,7,47.625,35
"361","Mnov_gtseq_297",28,37,0,19,8,79,83,0,1,83,39,0,34,34,0,0,101,10,228,109,101,153,3,10,48.3333333333333,34
"362","Mnov_gtseq_287",36,40,3,60,8,138,97,0,1,65,43,1,43,51,0,1,94,6,196,105,88,115,1,9,50.0416666666667,43
"363","Mnov_gtseq_513",28,48,4,60,3,145,101,0,0,89,32,1,43,49,0,1,96,11,199,104,91,112,0,7,51,43
"364","Mnov_gtseq_57",38,61,0,16,2,53,69,0,2,80,128,0,93,48,0,0,77,3,165,26,270,68,2,32,51.375,38
"365","Mnov_gtseq_541",67,45,81,166,77,214,93,0,0,88,22,0,33,36,6,12,69,5,131,59,59,60,40,8,57.125,57.125
"366","Mnov_gtseq_284",37,56,1,47,3,108,104,0,1,113,65,0,51,47,0,0,101,7,268,85,143,143,0,11,57.9583333333333,47
"367","Mnov_gtseq_219",32,62,2,54,8,153,121,0,1,100,39,0,37,57,1,0,113,5,238,119,106,141,0,16,58.5416666666667,39
"368","Mnov_gtseq_434",19,78,2,30,6,103,104,0,2,95,49,0,43,47,1,0,120,6,294,124,96,189,2,8,59.0833333333333,43
"369","Mnov_gtseq_384",22,39,0,26,17,101,107,0,0,88,61,0,47,57,0,0,139,14,253,137,113,198,1,4,59.3333333333333,39
"370","Mnov_gtseq_98",26,62,2,17,5,77,126,0,2,127,65,0,51,50,0,0,99,9,345,82,121,164,0,11,60.0416666666667,50
"371","Mnov_gtseq_193",29,65,5,34,13,115,107,0,1,108,54,0,49,75,0,0,120,6,314,129,127,152,0,16,63.2916666666667,49
"372","Mnov_gtseq_29",30,55,1,70,9,145,136,1,2,119,48,0,52,67,0,0,120,15,264,135,116,153,0,4,64.25,52
"373","Mnov_gtseq_461",35,50,3,53,12,147,137,0,0,120,58,0,62,72,1,0,132,5,240,118,132,161,1,6,64.375,53
"374","Mnov_gtseq_73",25,63,0,23,3,96,125,0,0,102,64,2,52,60,1,0,163,7,336,134,141,189,0,2,66.1666666666667,52
"375","Mnov_gtseq_201",42,54,1,40,5,154,143,0,1,115,52,0,48,53,0,0,145,5,312,113,125,167,1,13,66.2083333333333,48
"376","Mnov_gtseq_397",40,79,0,72,6,115,131,0,1,162,61,0,93,56,0,0,129,3,248,135,141,134,0,16,67.5833333333333,61
"377","Mnov_gtseq_241",40,69,4,88,11,175,119,0,1,133,50,0,61,78,1,0,159,18,262,159,130,139,0,8,71.0416666666667,61
"378","Mnov_gtseq_21",36,65,1,32,4,94,127,0,0,122,76,0,70,71,0,0,178,6,313,151,185,179,2,21,72.2083333333333,65
"379","Mnov_gtseq_90",32,93,3,98,10,192,141,0,0,153,58,0,63,85,1,0,175,17,364,161,110,197,1,11,81.875,63
"380","Mnov_gtseq_72",60,110,6,105,12,222,181,0,0,193,64,1,80,94,0,1,194,6,350,143,167,184,2,23,91.5833333333333,80
"381","Mnov_gtseq_67",58,127,1,92,3,245,174,0,1,201,81,0,85,109,0,0,227,12,448,214,178,249,0,25,105.416666666667,85
"382","Mnov_gtseq_97",38,113,5,91,4,272,259,0,3,2,140,2,116,137,0,0,300,9,475,311,274,283,3,8,118.541666666667,91
"383","Mnov_gtseq_91",97,105,1,56,8,147,173,0,7,214,146,0,180,110,0,0,320,9,422,139,432,220,1,72,119.125,105
"384","Mnov_gtseq_268",128,188,7,212,6,486,301,0,8,310,131,0,154,227,1,0,391,16,621,364,330,334,0,51,177.75,154
