"","locus","175371_S14_L001_001.fastq.coverage","187857_S15_L001_001.fastq.coverage","195776_S16_L001_001.fastq.coverage","195777_S17_L001_001.fastq.coverage","196887_S18_L001_001.fastq.coverage","197665_S19_L001_001.fastq.coverage","197682_S20_L001_001.fastq.coverage","40513_S1_L001_001.fastq.coverage","43475_S2_L001_001.fastq.coverage","43839_S3_L001_001.fastq.coverage","43980_S4_L001_001.fastq.coverage","45331_S5_L001_001.fastq.coverage","45401_S6_L001_001.fastq.coverage","45405_S7_L001_001.fastq.coverage","47854_S8_L001_001.fastq.coverage","53100_S9_L001_001.fastq.coverage","55903_S10_L001_001.fastq.coverage","55931_S11_L001_001.fastq.coverage","56392_S12_L001_001.fastq.coverage","75696_S13_L001_001.fastq.coverage","mean","med"
"1","Mnov_gtseq_128",0,0,0,0,0,0,0,0,0,0,0,0,0,0,0,0,0,0,0,0,0,0
"2","Mnov_gtseq_137",0,0,0,0,0,0,0,0,0,0,0,0,0,0,0,0,0,0,0,0,0,0
"3","Mnov_gtseq_146",0,0,0,0,0,0,0,0,0,0,0,0,0,0,0,0,0,0,0,0,0,0
"4","Mnov_gtseq_177",0,0,0,0,0,0,0,0,0,0,0,0,0,0,0,0,0,0,0,0,0,0
"5","Mnov_gtseq_181",0,0,0,0,0,0,0,0,0,0,0,0,0,0,0,0,0,0,0,0,0,0
"6","Mnov_gtseq_116",0,0,0,0,0,0,0,0,0,1,0,0,0,0,0,0,0,0,0,0,0.05,0
"7","Mnov_gtseq_168",0,0,0,0,0,0,0,0,0,0,0,0,0,0,0,1,0,0,0,0,0.05,0
"8","Mnov_gtseq_188",0,0,0,0,0,0,0,1,0,0,0,0,0,0,0,0,0,0,0,0,0.05,0
"9","Mnov_gtseq_442",0,1,0,0,0,0,0,0,0,0,0,0,0,0,0,0,0,0,0,0,0.05,0
"10","Mnov_gtseq_130",0,0,0,0,0,0,0,0,1,0,0,1,0,0,0,0,0,0,0,0,0.1,0
"11","Mnov_gtseq_134",0,0,0,0,0,0,0,1,0,0,0,1,0,0,0,0,0,0,0,0,0.1,0
"12","Mnov_gtseq_159",0,0,0,0,0,0,0,0,1,0,1,0,0,0,0,0,0,0,0,0,0.1,0
"13","Mnov_gtseq_298",0,0,0,0,0,0,0,0,0,2,0,0,0,0,0,0,0,0,0,0,0.1,0
"14","Mnov_gtseq_355",0,0,0,0,0,0,0,1,0,0,0,0,0,0,0,1,0,0,0,0,0.1,0
"15","Mnov_gtseq_388",0,1,0,0,0,0,0,0,0,1,0,0,0,0,0,0,0,0,0,0,0.1,0
"16","Mnov_gtseq_408",0,0,0,0,0,0,0,0,0,0,1,0,1,0,0,0,0,0,0,0,0.1,0
"17","Mnov_gtseq_438",0,0,0,0,0,0,1,0,0,1,0,0,0,0,0,0,0,0,0,0,0.1,0
"18","Mnov_gtseq_553",0,0,0,0,0,0,0,1,0,0,0,0,0,0,0,0,0,0,1,0,0.1,0
"19","Mnov_gtseq_217",0,0,0,0,0,0,0,2,0,0,0,0,0,0,0,1,0,0,0,0,0.15,0
"20","Mnov_gtseq_350",0,0,2,0,0,0,0,1,0,0,0,0,0,0,0,0,0,0,0,0,0.15,0
"21","Mnov_gtseq_536",0,0,0,0,0,0,0,1,0,0,1,0,0,1,0,0,0,0,0,0,0.15,0
"22","Mnov_gtseq_111",0,1,0,0,0,0,0,0,0,0,0,0,0,2,0,1,0,0,0,0,0.2,0
"23","Mnov_gtseq_147",0,0,0,0,0,1,0,0,1,1,0,0,0,0,0,0,0,1,0,0,0.2,0
"24","Mnov_gtseq_178",0,1,0,0,0,0,0,1,0,0,0,0,0,0,0,0,0,1,1,0,0.2,0
"25","Mnov_gtseq_417",0,0,0,0,0,1,0,0,0,0,1,0,1,0,0,1,0,0,0,0,0.2,0
"26","Mnov_gtseq_516",0,1,0,0,1,0,0,0,0,0,0,1,0,0,0,0,0,1,0,0,0.2,0
"27","Mnov_gtseq_107",1,1,0,0,0,0,0,1,0,0,0,0,1,0,0,1,0,0,0,0,0.25,0
"28","Mnov_gtseq_171",1,0,0,0,0,0,0,0,0,0,1,0,0,0,0,0,0,2,0,1,0.25,0
"29","Mnov_gtseq_192",0,0,0,0,0,0,0,0,0,0,1,0,2,0,0,2,0,0,0,0,0.25,0
"30","Mnov_gtseq_337",0,0,0,0,0,1,1,0,0,0,1,0,0,0,0,1,0,1,0,0,0.25,0
"31","Mnov_gtseq_526",0,0,0,0,1,0,0,0,1,0,0,0,0,0,0,2,0,0,0,1,0.25,0
"32","Mnov_gtseq_106",0,1,0,0,0,2,0,0,0,2,0,0,1,0,0,1,0,0,0,0,0.35,0
"33","Mnov_gtseq_108",0,0,0,1,0,0,0,2,0,0,0,0,0,0,1,1,0,1,1,0,0.35,0
"34","Mnov_gtseq_359",0,2,1,0,0,0,0,0,0,0,2,0,1,0,0,1,0,0,0,0,0.35,0
"35","Mnov_gtseq_368",1,0,0,0,0,1,0,1,0,0,1,0,1,0,0,2,0,0,0,0,0.35,0
"36","Mnov_gtseq_471",0,1,2,0,0,0,0,0,0,0,1,0,0,0,0,2,0,0,1,0,0.35,0
"37","Mnov_gtseq_371",0,1,0,0,1,0,1,0,3,1,0,0,0,0,0,0,0,0,0,1,0.4,0
"38","Mnov_gtseq_373",0,0,0,0,0,0,0,0,3,1,0,0,1,0,0,2,0,1,0,0,0.4,0
"39","Mnov_gtseq_414",0,0,0,0,0,0,1,0,0,0,3,0,3,0,0,0,0,0,1,0,0.4,0
"40","Mnov_gtseq_156",0,0,0,0,0,0,0,0,1,1,0,0,4,1,0,0,0,0,1,1,0.45,0
"41","Mnov_gtseq_324",0,0,0,1,6,1,1,0,0,0,0,0,0,0,0,0,0,0,0,0,0.45,0
"42","Mnov_gtseq_465",1,1,0,0,0,0,0,1,0,1,0,0,1,0,0,3,0,0,1,0,0.45,0
"43","Mnov_gtseq_529",0,0,0,0,0,0,0,0,2,1,0,0,2,0,0,3,0,0,0,1,0.45,0
"44","Mnov_gtseq_117",0,1,0,0,0,0,0,0,0,0,0,0,1,1,1,4,0,2,0,0,0.5,0
"45","Mnov_gtseq_148",0,0,0,0,1,0,0,1,1,1,1,0,1,0,0,2,0,1,1,0,0.5,0
"46","Mnov_gtseq_173",0,1,1,0,0,2,0,1,2,0,3,0,0,0,0,0,0,0,0,0,0.5,0
"47","Mnov_gtseq_354",0,2,0,0,0,2,0,0,3,0,1,0,0,0,0,2,0,0,0,0,0.5,0
"48","Mnov_gtseq_360",0,0,0,0,1,2,0,2,1,0,2,1,0,0,0,0,0,0,0,1,0.5,0
"49","Mnov_gtseq_364",0,1,0,0,0,0,0,0,0,2,2,0,4,1,0,0,0,0,0,0,0.5,0
"50","Mnov_gtseq_310",1,2,0,0,0,0,0,1,2,1,3,0,1,0,1,0,0,0,0,0,0.6,0
"51","Mnov_gtseq_386",0,1,0,0,0,0,1,2,1,1,3,0,2,0,0,0,0,0,1,0,0.6,0
"52","Mnov_gtseq_546",2,1,0,0,0,3,0,1,0,2,1,0,0,0,1,0,0,0,0,1,0.6,0
"53","Mnov_gtseq_550",0,1,0,0,0,1,0,1,1,3,4,0,1,0,0,0,0,0,0,0,0.6,0
"54","Mnov_gtseq_115",0,1,0,0,0,0,0,1,0,5,4,0,2,0,0,1,0,0,0,0,0.7,0
"55","Mnov_gtseq_124",3,2,0,0,0,1,1,0,2,0,1,0,0,0,1,2,0,0,0,1,0.7,0
"56","Mnov_gtseq_342",1,1,0,0,0,0,0,1,1,3,3,0,1,1,1,0,0,0,0,1,0.7,0.7
"57","Mnov_gtseq_118",1,0,0,0,0,3,1,2,4,0,0,0,1,1,0,1,0,0,1,0,0.75,0
"58","Mnov_gtseq_231",0,1,0,0,0,1,0,0,0,3,3,2,2,0,0,0,0,0,1,2,0.75,0
"59","Mnov_gtseq_264",0,2,0,0,0,2,0,0,1,2,2,0,2,0,0,2,0,0,0,2,0.75,0
"60","Mnov_gtseq_275",0,1,1,0,0,2,0,1,3,0,2,0,3,1,0,1,0,0,0,0,0.75,0
"61","Mnov_gtseq_317",0,2,0,0,1,0,0,4,1,0,2,1,0,1,0,1,0,1,0,1,0.75,0.75
"62","Mnov_gtseq_415",0,1,0,0,0,1,0,0,0,5,4,0,3,0,0,0,0,0,0,1,0.75,0
"63","Mnov_gtseq_454",0,0,0,0,0,2,1,0,1,4,3,0,1,0,0,2,0,0,0,1,0.75,0
"64","Mnov_gtseq_517",0,2,0,0,0,1,1,0,2,2,5,1,1,0,0,0,0,0,0,0,0.75,0
"65","Mnov_gtseq_144",0,3,1,0,0,2,1,0,4,1,2,0,0,0,0,2,0,0,0,0,0.8,0
"66","Mnov_gtseq_288",0,1,0,0,0,1,0,0,0,0,6,0,6,0,0,0,0,0,0,2,0.8,0
"67","Mnov_gtseq_304",0,0,0,0,0,1,1,0,0,1,8,0,0,0,0,5,0,0,0,0,0.8,0
"68","Mnov_gtseq_305",1,0,0,0,0,0,0,1,0,1,5,0,5,0,0,0,0,2,0,1,0.8,0
"69","Mnov_gtseq_348",1,0,0,0,0,1,4,0,2,4,1,1,0,0,0,0,0,0,1,1,0.8,0
"70","Mnov_gtseq_44",0,0,0,0,0,2,0,0,2,2,9,0,1,0,0,0,0,0,0,0,0.8,0
"71","Mnov_gtseq_419",0,1,0,0,0,3,0,0,0,3,1,0,3,1,0,1,0,1,1,2,0.85,0.85
"72","Mnov_gtseq_270",0,2,0,0,0,0,1,0,0,7,5,0,2,0,0,0,0,0,1,0,0.9,0
"73","Mnov_gtseq_400",1,0,1,0,0,0,2,1,1,2,4,0,1,0,0,3,0,0,2,0,0.9,0.9
"74","Mnov_gtseq_404",2,2,1,0,0,1,0,0,1,2,2,0,1,0,0,2,0,0,1,3,0.9,1
"75","Mnov_gtseq_509",1,1,0,0,0,1,1,2,1,3,4,0,0,0,0,2,0,0,2,0,0.9,0.9
"76","Mnov_gtseq_253",0,0,0,0,0,4,2,0,3,2,5,0,1,1,0,1,0,0,0,0,0.95,0
"77","Mnov_gtseq_511",0,0,0,0,0,1,0,0,5,1,5,0,1,0,0,5,0,0,0,1,0.95,0
"78","Mnov_gtseq_127",0,1,0,0,0,0,0,0,2,3,13,0,1,0,0,0,0,0,0,0,1,0
"79","Mnov_gtseq_234",0,0,0,0,0,0,1,1,3,5,4,1,3,1,0,2,0,0,0,0,1.05,0
"80","Mnov_gtseq_301",0,2,0,0,1,2,2,0,3,2,3,0,2,3,0,1,0,0,1,0,1.1,1
"81","Mnov_gtseq_5",1,0,1,0,0,0,1,0,7,6,4,0,0,0,0,1,0,0,0,2,1.15,0
"82","Mnov_gtseq_180",3,0,0,1,0,2,2,1,3,3,4,0,3,1,0,1,0,0,0,0,1.2,1
"83","Mnov_gtseq_191",0,1,0,0,0,3,1,0,3,0,11,0,2,0,1,1,0,0,0,1,1.2,0
"84","Mnov_gtseq_420",0,1,0,0,0,1,0,0,3,5,10,0,3,0,0,1,0,0,0,0,1.2,0
"85","Mnov_gtseq_114",0,0,1,0,1,2,0,2,2,4,6,2,2,0,0,1,0,0,1,1,1.25,1
"86","Mnov_gtseq_214",0,1,0,0,0,3,3,0,1,6,6,0,2,0,0,1,0,0,0,2,1.25,0
"87","Mnov_gtseq_340",0,0,0,1,0,1,4,0,1,6,5,0,2,0,0,2,0,1,0,2,1.25,1
"88","Mnov_gtseq_6",0,1,0,0,0,2,3,0,3,4,9,0,2,0,0,0,0,0,0,1,1.25,0
"89","Mnov_gtseq_174",1,2,0,0,0,3,1,2,3,4,1,0,2,0,0,3,0,2,0,2,1.3,1
"90","Mnov_gtseq_431",2,1,0,0,0,2,0,2,4,2,2,3,2,0,1,1,0,0,2,2,1.3,1.3
"91","Mnov_gtseq_462",0,3,0,0,0,3,3,1,2,1,5,1,2,0,0,1,0,0,0,4,1.3,1
"92","Mnov_gtseq_346",1,0,0,0,0,2,0,2,4,5,8,0,2,0,0,2,0,0,0,1,1.35,0
"93","Mnov_gtseq_245",0,2,0,0,0,4,2,1,0,5,4,1,3,1,0,0,0,2,1,2,1.4,1
"94","Mnov_gtseq_421",2,4,1,1,0,0,1,4,3,2,0,4,2,1,0,3,0,0,0,0,1.4,1
"95","Mnov_gtseq_129",0,1,1,0,0,3,1,0,3,6,2,1,2,1,1,4,0,0,2,2,1.5,1
"96","Mnov_gtseq_182",0,3,1,0,0,0,0,0,6,5,11,0,2,0,0,0,0,0,0,2,1.5,0
"97","Mnov_gtseq_30",2,1,0,0,0,4,4,2,4,0,7,0,3,1,0,0,0,1,0,1,1.5,1
"98","Mnov_gtseq_247",0,2,0,0,1,3,0,1,4,4,9,1,0,2,0,2,0,1,0,1,1.55,1
"99","Mnov_gtseq_51",0,1,0,0,0,3,5,0,5,3,10,0,2,0,0,0,0,0,0,2,1.55,0
"100","Mnov_gtseq_189",1,3,0,0,0,3,1,2,3,4,4,1,4,0,0,4,0,1,0,1,1.6,1
"101","Mnov_gtseq_377",0,1,2,0,0,1,2,6,3,2,3,1,3,1,0,1,0,1,1,5,1.65,1
"102","Mnov_gtseq_383",0,1,0,0,0,0,8,0,2,4,3,1,7,1,0,1,0,1,1,3,1.65,1
"103","Mnov_gtseq_228",1,1,0,0,0,4,3,1,2,4,16,0,1,1,0,0,0,0,0,0,1.7,1
"104","Mnov_gtseq_358",1,0,1,0,0,4,1,3,1,8,8,0,4,0,0,1,0,0,1,1,1.7,1
"105","Mnov_gtseq_448",0,0,2,0,1,5,3,1,3,4,8,1,1,0,0,2,0,0,1,2,1.7,1
"106","Mnov_gtseq_532",0,1,1,0,0,4,2,3,3,4,5,1,4,0,0,2,0,0,0,4,1.7,1
"107","Mnov_gtseq_320",1,4,1,0,0,0,0,4,5,5,7,0,6,0,0,2,0,0,0,0,1.75,0
"108","Mnov_gtseq_353",4,1,2,0,0,2,4,0,5,4,6,1,1,0,1,1,0,0,2,1,1.75,1
"109","Mnov_gtseq_515",0,2,0,0,0,4,1,1,6,7,3,1,3,1,0,3,0,0,1,2,1.75,1
"110","Mnov_gtseq_410",0,1,0,0,0,5,3,1,8,4,2,0,2,0,0,3,0,0,4,5,1.9,1
"111","Mnov_gtseq_361",2,8,3,0,0,2,0,0,1,3,1,0,0,1,0,8,0,4,6,0,1.95,1
"112","Mnov_gtseq_520",3,3,0,0,0,3,4,1,2,2,9,0,4,0,0,3,0,0,0,5,1.95,1.95
"113","Mnov_gtseq_352",3,1,1,1,0,4,2,3,9,6,5,0,2,0,0,1,0,0,0,3,2.05,1
"114","Mnov_gtseq_230",3,0,0,0,0,2,1,0,4,7,4,2,10,0,0,1,0,2,2,4,2.1,2
"115","Mnov_gtseq_406",0,0,0,0,0,4,4,2,4,9,4,1,12,0,0,1,0,1,0,0,2.1,1
"116","Mnov_gtseq_514",1,5,0,0,0,6,3,0,5,6,3,0,2,0,2,3,0,1,2,3,2.1,2
"117","Mnov_gtseq_522",1,2,0,2,0,6,0,1,7,7,6,3,0,0,0,1,0,1,1,4,2.1,1
"118","Mnov_gtseq_80",1,5,0,0,1,7,2,1,7,5,5,2,0,1,0,3,0,1,0,3,2.2,1
"119","Mnov_gtseq_17",2,1,0,0,0,10,1,1,4,14,6,0,2,1,0,1,0,1,0,1,2.25,1
"120","Mnov_gtseq_262",0,6,1,0,0,4,2,1,9,9,8,1,3,0,0,1,0,0,0,1,2.3,1
"121","Mnov_gtseq_338",3,3,1,0,0,5,0,3,6,6,9,0,5,1,0,2,0,0,0,2,2.3,2
"122","Mnov_gtseq_437",0,5,1,0,0,6,1,0,7,6,6,2,5,0,1,3,0,0,1,2,2.3,1
"123","Mnov_gtseq_311",0,0,1,0,0,4,1,3,4,6,15,0,5,0,0,4,0,0,1,4,2.4,1
"124","Mnov_gtseq_473",1,4,0,0,2,10,3,0,7,6,4,1,7,1,0,1,0,0,0,2,2.45,1
"125","Mnov_gtseq_273",0,2,0,0,0,4,3,0,9,6,12,0,5,0,0,2,0,1,0,7,2.55,1
"126","Mnov_gtseq_309",1,4,0,1,0,4,1,5,4,6,9,2,4,4,1,1,0,1,1,3,2.6,2
"127","Mnov_gtseq_155",1,3,0,0,0,8,1,2,6,6,13,0,7,0,0,1,0,1,2,2,2.65,1
"128","Mnov_gtseq_213",1,3,1,0,0,2,2,2,9,3,12,2,7,0,0,6,0,1,0,3,2.7,2
"129","Mnov_gtseq_113",1,7,0,0,1,6,1,0,6,5,10,1,3,1,0,5,0,1,1,8,2.85,1
"130","Mnov_gtseq_307",1,3,2,0,1,5,4,2,4,16,13,0,4,0,0,1,0,0,1,2,2.95,2
"131","Mnov_gtseq_370",5,2,0,2,0,10,5,2,7,8,5,1,1,1,1,5,0,0,1,3,2.95,2
"132","Mnov_gtseq_463",0,5,1,0,0,6,7,1,9,11,7,0,5,0,0,2,0,0,0,5,2.95,1
"133","Mnov_gtseq_332",1,2,0,0,0,1,2,1,8,13,14,0,9,2,0,5,0,1,2,0,3.05,1
"134","Mnov_gtseq_152",2,6,3,0,0,9,4,1,6,5,6,2,6,0,1,2,0,1,1,7,3.1,2
"135","Mnov_gtseq_390",1,2,0,0,0,13,5,2,10,6,7,3,3,0,0,3,0,1,2,6,3.2,2
"136","Mnov_gtseq_545",5,1,0,0,0,8,6,1,8,7,13,2,3,0,1,2,0,0,0,7,3.2,2
"137","Mnov_gtseq_125",0,5,0,0,1,6,2,2,9,11,10,0,9,1,0,3,0,0,1,5,3.25,2
"138","Mnov_gtseq_283",0,4,2,0,0,4,1,3,5,11,9,1,7,2,0,4,0,3,1,8,3.25,3
"139","Mnov_gtseq_154",3,10,2,0,0,5,6,2,2,2,21,1,6,0,0,0,0,1,1,4,3.3,2
"140","Mnov_gtseq_327",1,3,0,1,0,8,5,1,12,7,10,1,7,0,0,3,0,1,4,3,3.35,3
"141","Mnov_gtseq_250",0,6,2,0,1,3,2,9,7,6,9,1,3,4,0,5,0,4,4,3,3.45,3
"142","Mnov_gtseq_446",3,1,0,0,0,9,5,1,17,10,10,1,6,0,0,1,0,0,1,5,3.5,1
"143","Mnov_gtseq_22",0,0,0,0,0,4,13,0,11,16,16,0,4,1,0,0,0,0,2,4,3.55,0
"144","Mnov_gtseq_478",1,2,0,0,0,12,7,1,6,4,18,0,8,0,2,1,0,0,2,7,3.55,2
"145","Mnov_gtseq_506",6,5,0,0,1,19,4,2,7,5,7,1,4,3,0,1,0,0,2,5,3.6,3
"146","Mnov_gtseq_548",1,2,0,1,1,7,6,2,1,12,15,0,12,0,2,0,0,0,3,8,3.65,2
"147","Mnov_gtseq_139",3,6,1,1,0,6,8,4,8,4,9,2,7,0,1,7,0,1,3,4,3.75,3.75
"148","Mnov_gtseq_4",1,2,0,0,0,6,0,3,8,14,22,1,13,0,0,1,0,0,0,5,3.8,1
"149","Mnov_gtseq_521",1,2,0,0,1,11,5,1,8,9,17,0,12,0,0,1,0,0,0,8,3.8,1
"150","Mnov_gtseq_313",1,2,1,0,0,8,3,2,8,10,28,0,10,0,0,1,0,0,0,3,3.85,1
"151","Mnov_gtseq_549",3,3,1,0,0,11,6,5,5,5,9,1,6,2,1,7,0,1,1,11,3.9,3
"152","Mnov_gtseq_112",2,10,1,0,1,13,8,0,11,5,10,0,6,0,1,4,0,0,0,8,4,2
"153","Mnov_gtseq_444",3,15,1,1,1,12,4,5,6,7,8,0,5,0,1,4,0,1,2,8,4.2,4
"154","Mnov_gtseq_149",0,1,0,0,0,8,6,0,13,19,27,1,5,0,0,0,0,0,0,5,4.25,0
"155","Mnov_gtseq_161",3,5,0,0,0,5,0,3,10,15,15,1,13,0,0,7,0,1,3,5,4.3,3
"156","Mnov_gtseq_391",15,7,0,0,0,10,7,0,18,0,10,2,0,0,1,2,0,2,1,11,4.3,2
"157","Mnov_gtseq_166",1,7,0,1,2,17,1,1,16,10,9,2,10,0,0,6,0,1,1,3,4.4,2
"158","Mnov_gtseq_229",0,6,0,0,0,4,6,1,17,18,24,1,5,0,0,0,0,2,0,5,4.45,1
"159","Mnov_gtseq_167",4,2,2,1,0,12,9,3,14,11,11,4,10,0,0,3,0,3,2,1,4.6,3
"160","Mnov_gtseq_502",1,1,0,0,0,5,10,1,5,20,26,1,16,0,0,2,0,1,0,4,4.65,1
"161","Mnov_gtseq_223",0,3,1,0,0,18,9,4,6,8,17,0,13,0,0,3,0,0,2,10,4.7,3
"162","Mnov_gtseq_135",5,3,0,0,0,5,9,3,19,15,13,1,11,0,1,3,0,0,1,6,4.75,3
"163","Mnov_gtseq_472",3,4,0,0,0,5,10,3,10,11,17,0,11,3,0,7,0,2,4,5,4.75,4
"164","Mnov_gtseq_204",3,6,1,0,0,3,3,5,6,17,10,3,15,5,1,7,0,1,1,9,4.8,3
"165","Mnov_gtseq_380",1,3,0,0,0,9,4,2,8,14,12,1,28,0,0,6,0,0,1,8,4.85,2
"166","Mnov_gtseq_441",7,6,0,1,2,13,2,7,12,9,7,6,7,2,2,6,0,2,2,6,4.95,6
"167","Mnov_gtseq_151",5,5,1,0,0,7,7,1,9,11,34,1,10,0,0,0,0,0,1,8,5,1
"168","Mnov_gtseq_533",4,9,0,1,1,20,6,3,17,15,10,2,5,1,0,0,0,0,1,5,5,3
"169","Mnov_gtseq_372",2,3,0,0,1,8,7,0,15,27,22,0,12,0,0,1,0,1,1,2,5.1,1
"170","Mnov_gtseq_326",2,7,0,0,0,12,8,1,7,9,21,0,29,0,0,3,0,1,0,3,5.15,2
"171","Mnov_gtseq_47",2,1,0,0,0,14,4,0,10,24,23,0,15,0,0,4,0,0,2,4,5.15,2
"172","Mnov_gtseq_402",2,6,1,2,0,11,10,0,11,17,13,2,13,0,0,4,0,0,2,10,5.2,2
"173","Mnov_gtseq_356",2,2,0,0,0,8,10,3,8,14,12,1,29,1,0,2,0,0,1,13,5.3,2
"174","Mnov_gtseq_48",5,2,0,0,0,21,5,0,26,10,15,0,11,0,0,2,0,1,1,8,5.35,2
"175","Mnov_gtseq_452",2,4,3,1,0,15,11,7,13,9,15,2,11,1,0,6,0,0,1,8,5.45,4
"176","Mnov_gtseq_507",4,6,1,1,1,19,6,1,12,13,18,4,15,1,1,0,0,2,1,9,5.75,4
"177","Mnov_gtseq_187",0,4,2,0,0,13,8,4,15,21,23,0,14,0,0,1,0,1,0,11,5.85,2
"178","Mnov_gtseq_70",0,0,0,0,0,11,8,1,20,27,28,0,18,0,0,1,0,0,1,2,5.85,1
"179","Mnov_gtseq_145",12,14,2,1,1,22,6,5,11,10,7,2,7,3,0,6,0,1,5,8,6.15,6
"180","Mnov_gtseq_222",5,2,0,0,1,3,5,1,11,12,12,3,48,2,0,1,0,2,0,15,6.15,2
"181","Mnov_gtseq_322",2,1,2,0,1,9,8,3,13,15,20,2,35,1,0,2,0,1,1,8,6.2,2
"182","Mnov_gtseq_374",0,2,0,0,0,10,8,1,24,18,19,1,21,2,0,4,0,0,2,13,6.25,2
"183","Mnov_gtseq_447",4,8,3,0,0,19,12,4,10,13,17,2,10,0,1,2,0,3,2,15,6.25,4
"184","Mnov_gtseq_224",4,12,1,1,1,12,14,3,14,20,17,1,12,0,1,2,0,2,2,11,6.5,3
"185","Mnov_gtseq_256",0,0,0,0,0,3,2,1,3,40,42,0,34,0,0,0,0,1,0,4,6.5,0
"186","Mnov_gtseq_12",4,2,0,0,0,10,7,1,10,32,35,0,18,0,0,1,0,0,1,10,6.55,1
"187","Mnov_gtseq_37",1,3,0,0,1,14,18,2,12,21,36,1,21,0,0,0,0,0,0,2,6.6,1
"188","Mnov_gtseq_102",3,1,0,0,0,17,16,0,18,29,22,0,19,1,0,1,0,1,0,7,6.75,1
"189","Mnov_gtseq_347",2,8,3,1,1,12,3,3,14,31,14,4,24,1,1,3,0,2,2,10,6.95,3
"190","Mnov_gtseq_544",5,7,0,0,0,21,12,0,23,24,24,0,10,0,0,3,0,0,2,9,7,3
"191","Mnov_gtseq_40",3,10,0,0,1,23,16,0,34,13,18,5,9,0,0,2,0,1,0,8,7.15,3
"192","Mnov_gtseq_186",8,9,0,1,0,28,12,5,22,15,17,2,8,2,0,2,0,0,3,12,7.3,5
"193","Mnov_gtseq_216",3,9,1,1,0,17,8,1,20,27,29,0,20,0,0,2,0,0,0,9,7.35,2
"194","Mnov_gtseq_58",1,1,1,0,0,5,5,4,15,16,15,0,63,0,0,8,0,2,2,9,7.35,2
"195","Mnov_gtseq_258",2,1,0,0,2,18,12,2,23,30,38,0,15,0,0,4,0,0,0,5,7.6,2
"196","Mnov_gtseq_333",3,13,0,0,0,18,11,3,22,28,29,0,12,0,0,3,0,2,0,9,7.65,3
"197","Mnov_gtseq_53",4,5,0,0,1,25,9,1,27,33,33,0,9,0,0,1,0,0,2,9,7.95,2
"198","Mnov_gtseq_260",2,9,0,3,0,13,17,3,27,23,27,0,15,1,1,4,0,0,1,15,8.05,3
"199","Mnov_gtseq_543",4,4,1,0,1,18,21,1,33,25,23,1,15,0,0,0,0,0,1,15,8.15,1
"200","Mnov_gtseq_25",7,4,0,0,0,8,8,4,7,18,69,1,26,1,0,3,0,0,0,9,8.25,4
"201","Mnov_gtseq_60",5,3,1,0,0,34,18,1,20,29,32,1,14,1,0,0,0,0,0,8,8.35,1
"202","Mnov_gtseq_143",4,7,0,0,0,18,19,3,23,29,29,4,20,1,0,1,0,2,0,14,8.7,4
"203","Mnov_gtseq_3",0,0,0,0,1,0,34,0,0,54,85,0,0,0,0,0,0,0,0,0,8.7,0
"204","Mnov_gtseq_523",5,17,0,0,0,26,11,1,30,25,36,3,8,0,1,5,0,1,3,14,9.3,5
"205","Mnov_gtseq_10",1,7,2,0,0,15,13,3,26,31,40,3,29,0,0,5,0,2,1,15,9.65,3
"206","Mnov_gtseq_315",10,14,0,3,3,27,11,5,28,29,25,10,14,1,0,5,0,2,2,10,9.95,9.95
"207","Mnov_gtseq_220",8,12,0,1,0,31,24,6,28,24,28,2,11,3,0,4,0,5,2,15,10.2,6
"208","Mnov_gtseq_424",5,8,0,0,1,28,12,6,31,23,32,5,24,1,0,2,0,3,3,23,10.35,5
"209","Mnov_gtseq_407",3,4,0,0,0,38,8,5,36,40,47,4,0,0,2,6,0,2,1,15,10.55,4
"210","Mnov_gtseq_93",11,9,2,0,1,31,28,2,25,40,21,0,17,1,0,2,0,1,2,20,10.65,2
"211","Mnov_gtseq_271",2,3,0,0,1,42,10,2,14,25,77,3,38,0,0,0,0,0,0,1,10.9,2
"212","Mnov_gtseq_366",3,10,1,0,1,29,17,6,29,34,37,3,23,3,0,0,0,1,6,17,11,6
"213","Mnov_gtseq_239",10,18,1,1,0,30,15,4,33,27,38,6,15,2,3,2,0,0,2,16,11.15,6
"214","Mnov_gtseq_45",7,1,0,0,0,15,19,4,23,32,63,0,38,0,0,1,0,1,1,21,11.3,1
"215","Mnov_gtseq_55",6,7,0,0,1,17,17,4,26,29,61,3,36,0,1,3,0,1,1,18,11.55,4
"216","Mnov_gtseq_240",11,14,1,0,1,25,24,2,33,32,33,2,29,0,0,2,0,1,2,25,11.85,2
"217","Mnov_gtseq_539",7,14,0,1,0,11,40,2,20,44,25,5,18,0,0,2,0,1,2,48,12,5
"218","Mnov_gtseq_54",10,10,0,0,0,28,17,9,28,37,48,5,14,3,0,5,0,1,3,22,12,9
"219","Mnov_gtseq_318",6,10,2,1,0,29,25,5,36,35,37,0,24,1,0,3,0,1,2,24,12.05,5
"220","Mnov_gtseq_257",2,11,0,2,0,27,24,2,39,33,44,1,41,1,0,3,0,1,1,10,12.1,2
"221","Mnov_gtseq_246",2,8,1,0,2,29,30,2,45,28,40,6,30,1,1,3,0,0,5,14,12.35,5
"222","Mnov_gtseq_50",3,5,2,1,2,37,25,1,47,33,45,1,22,2,0,0,0,2,0,22,12.5,2
"223","Mnov_gtseq_8",1,10,0,0,1,25,26,2,34,51,55,2,20,1,0,3,0,3,1,16,12.55,3
"224","Mnov_gtseq_398",3,4,0,0,1,21,10,2,41,33,57,2,53,2,1,3,0,2,1,28,13.2,3
"225","Mnov_gtseq_15",1,4,0,0,0,38,31,2,37,52,61,1,26,0,0,1,0,0,1,10,13.25,1
"226","Mnov_gtseq_445",3,15,2,0,2,30,23,1,50,42,32,9,41,1,1,2,0,0,0,27,14.05,3
"227","Mnov_gtseq_71",6,6,2,1,0,49,23,1,32,42,56,2,34,1,1,3,0,1,3,22,14.25,3
"228","Mnov_gtseq_138",8,18,2,0,0,30,40,4,52,44,43,5,17,2,1,5,0,1,4,10,14.3,5
"229","Mnov_gtseq_339",6,11,1,0,1,38,35,2,47,36,53,2,31,1,0,5,0,2,4,11,14.3,5
"230","Mnov_gtseq_63",4,14,0,0,0,18,25,3,26,24,86,3,58,0,0,0,0,0,0,25,14.3,3
"231","Mnov_gtseq_206",4,3,0,0,0,25,17,3,44,40,68,2,61,1,0,1,0,1,0,22,14.6,3
"232","Mnov_gtseq_281",4,8,0,0,0,31,25,1,33,46,37,9,65,1,0,0,0,1,2,29,14.6,4
"233","Mnov_gtseq_162",15,25,0,1,2,24,18,7,41,33,53,16,35,0,0,7,0,2,1,13,14.65,13
"234","Mnov_gtseq_210",6,10,1,0,0,39,29,4,43,35,43,3,48,0,1,0,0,2,4,25,14.65,4
"235","Mnov_gtseq_158",11,15,4,0,1,40,37,7,44,41,41,4,24,1,0,3,0,1,1,20,14.75,7
"236","Mnov_gtseq_170",3,6,0,0,0,39,25,2,35,54,56,2,44,0,0,1,0,2,1,26,14.8,2
"237","Mnov_gtseq_237",6,6,0,0,2,47,27,3,41,58,50,3,23,0,0,4,0,0,3,23,14.8,4
"238","Mnov_gtseq_357",2,3,2,1,0,14,20,5,19,37,56,2,116,0,0,6,0,0,0,19,15.1,3
"239","Mnov_gtseq_363",6,23,5,0,1,13,42,5,64,29,40,4,23,1,0,10,0,0,4,33,15.15,6
"240","Mnov_gtseq_16",7,10,1,1,2,45,29,5,39,39,61,8,31,3,1,0,0,1,0,21,15.2,7
"241","Mnov_gtseq_62",0,5,0,0,0,34,43,0,0,61,0,2,128,0,1,0,0,0,0,32,15.3,0
"242","Mnov_gtseq_344",9,8,2,0,1,49,40,4,28,44,82,1,22,0,0,2,0,0,1,17,15.5,4
"243","Mnov_gtseq_126",11,26,1,2,3,30,19,5,51,51,31,3,22,3,4,11,0,8,7,28,15.8,11
"244","Mnov_gtseq_274",2,4,1,1,1,50,28,2,38,57,52,3,44,1,2,2,0,1,1,29,15.95,2
"245","Mnov_gtseq_376",13,20,0,0,2,73,25,2,39,0,92,1,19,0,0,1,0,0,1,31,15.95,2
"246","Mnov_gtseq_238",5,13,1,1,1,46,39,2,48,57,53,0,31,0,0,4,0,1,2,32,16.8,4
"247","Mnov_gtseq_157",20,30,1,4,0,53,25,2,50,45,27,4,30,4,0,4,0,4,9,30,17.1,9
"248","Mnov_gtseq_254",5,7,1,0,0,60,36,4,62,53,64,1,28,1,1,0,0,1,1,23,17.4,4
"249","Mnov_gtseq_504",13,12,0,0,1,52,37,2,55,51,63,2,34,2,0,2,0,1,2,31,18,2
"250","Mnov_gtseq_196",16,17,4,0,1,38,25,7,41,59,46,5,57,0,2,2,0,4,2,37,18.15,7
"251","Mnov_gtseq_46",5,14,0,0,1,29,42,2,51,49,80,5,64,0,0,5,0,0,3,22,18.6,5
"252","Mnov_gtseq_66",7,19,0,0,2,38,31,7,44,60,51,13,62,0,1,4,0,2,3,30,18.7,7
"253","Mnov_gtseq_20",5,9,0,1,1,51,35,1,61,54,68,4,46,1,1,1,0,3,1,34,18.85,4
"254","Mnov_gtseq_291",13,7,0,0,0,28,30,4,76,60,77,4,38,1,0,3,0,2,6,30,18.95,6
"255","Mnov_gtseq_68",5,8,0,1,2,58,44,6,38,66,120,5,19,0,0,2,0,1,1,29,20.25,5
"256","Mnov_gtseq_251",4,11,2,1,1,58,35,3,69,68,68,2,60,1,1,4,0,3,4,20,20.75,4
"257","Mnov_gtseq_261",4,9,0,0,2,55,37,2,65,64,79,3,72,2,0,3,0,0,4,16,20.85,4
"258","Mnov_gtseq_13",16,31,3,0,0,52,35,15,50,45,52,16,42,7,0,15,0,6,13,33,21.55,16
"259","Mnov_gtseq_384",7,8,1,0,0,47,51,4,54,90,104,0,50,1,0,2,0,1,0,20,22,4
"260","Mnov_gtseq_208",11,8,1,0,1,56,40,5,72,65,75,2,67,2,0,6,0,3,2,35,22.55,6
"261","Mnov_gtseq_475",15,30,1,1,0,67,53,4,91,56,62,5,23,3,0,2,0,1,8,37,22.95,8
"262","Mnov_gtseq_345",5,13,2,0,0,61,43,5,67,57,86,4,66,3,2,5,0,0,3,40,23.1,5
"263","Mnov_gtseq_56",11,5,0,0,0,38,33,6,33,50,173,1,99,0,0,0,0,0,0,27,23.8,5
"264","Mnov_gtseq_79",0,4,1,0,0,12,17,0,30,57,98,1,241,0,0,1,0,0,1,23,24.3,1
"265","Mnov_gtseq_141",10,12,2,0,0,54,37,4,77,66,112,2,63,2,1,6,0,1,4,41,24.7,6
"266","Mnov_gtseq_323",2,2,0,0,0,54,36,0,55,83,97,0,143,1,0,3,0,2,3,23,25.2,2
"267","Mnov_gtseq_379",2,7,0,1,1,42,81,5,110,102,100,2,28,1,0,5,0,2,3,54,27.3,5
"268","Mnov_gtseq_82",10,17,0,0,0,90,38,5,80,74,123,2,56,0,0,6,0,1,3,45,27.5,6
"269","Mnov_gtseq_269",8,13,0,0,1,45,52,1,51,71,132,1,123,1,0,4,0,0,1,48,27.6,4
"270","Mnov_gtseq_81",1,3,0,0,0,78,24,0,68,44,89,3,265,0,0,2,0,0,3,19,29.95,3
"271","Mnov_gtseq_479",17,19,1,2,2,113,43,6,101,107,81,6,60,0,0,8,0,1,6,46,30.95,8
"272","Mnov_gtseq_255",14,19,0,0,2,79,58,5,98,77,112,2,92,2,1,9,0,2,5,54,31.55,9
"273","Mnov_gtseq_200",3,14,0,2,0,55,26,3,86,106,134,8,141,2,0,3,0,1,2,49,31.75,3
"274","Mnov_gtseq_278",30,40,0,1,0,63,44,7,88,78,180,12,49,0,0,3,0,1,5,43,32.2,12
"275","Mnov_gtseq_215",12,28,0,2,1,123,59,2,124,112,88,2,55,0,0,4,0,3,2,40,32.85,4
"276","Mnov_gtseq_265",13,14,2,1,0,96,72,7,107,82,95,5,96,0,0,2,0,0,5,67,33.2,7
"277","Mnov_gtseq_335",22,25,2,0,1,115,60,13,105,90,97,4,49,2,2,6,0,2,8,64,33.35,13
"278","Mnov_gtseq_84",19,27,0,1,5,96,47,9,120,102,104,5,63,1,0,6,0,2,7,59,33.65,9
"279","Mnov_gtseq_312",3,13,1,1,0,73,62,5,88,115,135,3,141,0,0,4,0,0,0,66,35.5,4
"280","Mnov_gtseq_69",11,14,1,0,1,94,50,3,107,101,190,0,100,0,1,5,0,0,3,36,35.85,5
"281","Mnov_gtseq_74",20,42,3,2,8,142,64,19,104,68,98,12,46,2,1,16,0,9,9,59,36.2,19
"282","Mnov_gtseq_470",7,13,0,1,0,81,63,3,110,100,114,4,152,2,3,7,0,3,8,54,36.25,7
"283","Mnov_gtseq_299",31,45,1,3,0,85,60,22,87,99,149,11,76,4,1,6,0,4,5,63,37.6,22
"284","Mnov_gtseq_547",17,29,1,2,1,118,88,3,132,104,107,6,70,2,0,2,1,3,6,73,38.25,6
"285","Mnov_gtseq_263",6,8,1,2,0,127,71,6,128,117,115,3,127,1,0,6,0,1,5,62,39.3,6
"286","Mnov_gtseq_401",5,7,1,0,1,70,54,4,91,134,145,5,227,1,0,4,0,1,2,46,39.9,5
"287","Mnov_gtseq_378",7,8,2,0,0,66,69,0,104,83,94,2,296,1,1,3,0,1,2,69,40.4,3
"288","Mnov_gtseq_75",15,19,0,1,3,144,83,9,137,110,137,15,60,0,0,4,0,3,6,68,40.7,15
"289","Mnov_gtseq_209",34,61,4,0,4,110,62,20,121,104,94,18,78,5,4,10,1,3,7,76,40.8,20
"290","Mnov_gtseq_314",5,10,1,0,0,107,76,5,94,119,189,6,167,2,1,4,0,0,2,51,41.95,5
"291","Mnov_gtseq_218",42,43,2,1,1,112,81,6,94,94,137,11,123,1,2,3,0,3,3,81,42,11
"292","Mnov_gtseq_248",29,39,3,1,1,192,98,15,89,111,118,11,54,3,2,9,0,2,8,68,42.65,15
"293","Mnov_gtseq_474",21,30,1,2,3,135,48,11,127,130,154,10,120,10,2,10,0,4,10,59,44.35,11
"294","Mnov_gtseq_518",22,47,4,0,1,139,85,12,188,122,124,10,91,1,1,4,1,2,12,80,47.3,12
"295","Mnov_gtseq_394",7,18,0,0,1,116,110,0,136,151,200,4,168,0,0,3,0,0,5,41,48,5
"296","Mnov_gtseq_416",25,57,3,1,3,199,88,16,177,122,97,13,71,2,2,7,0,4,13,76,48.8,16
"297","Mnov_gtseq_88",4,13,0,0,0,26,35,0,21,84,185,5,347,2,0,1,0,3,1,249,48.8,4
"298","Mnov_gtseq_98",8,17,2,0,1,101,79,2,94,149,181,8,230,3,1,1,0,0,4,108,49.45,8
"299","Mnov_gtseq_243",14,13,1,2,0,94,100,4,81,131,289,5,183,0,0,3,0,0,0,88,50.4,5
"300","Mnov_gtseq_426",32,54,1,2,3,140,112,18,189,115,124,11,105,2,0,5,0,6,10,84,50.65,18
"301","Mnov_gtseq_451",24,41,3,3,4,227,93,10,182,160,145,18,100,2,3,8,1,6,6,97,56.65,18
"302","Mnov_gtseq_308",7,25,3,2,6,164,132,4,188,149,130,15,160,1,5,4,0,1,5,152,57.65,7
"303","Mnov_gtseq_92",5,3,0,0,0,49,76,2,99,109,167,9,565,2,0,3,0,1,1,74,58.25,3
"304","Mnov_gtseq_244",10,11,0,0,1,147,125,3,180,160,206,3,232,0,0,4,0,0,2,109,59.65,4
"305","Mnov_gtseq_190",12,26,0,2,1,143,119,7,164,206,256,8,181,1,4,1,0,1,5,89,61.3,8
"306","Mnov_gtseq_440",13,24,1,2,4,205,92,3,188,142,142,5,343,0,1,4,0,0,3,104,63.8,5
"307","Mnov_gtseq_1",16,35,2,1,2,161,104,4,129,188,254,8,230,2,2,7,0,2,6,131,64.2,8
"308","Mnov_gtseq_334",41,45,2,0,3,229,111,9,189,163,194,11,144,7,0,4,0,7,15,114,64.4,15
"309","Mnov_gtseq_235",8,18,0,0,2,132,113,4,178,208,242,10,292,0,0,1,0,2,2,81,64.65,8
"310","Mnov_gtseq_328",26,61,6,4,1,170,91,19,241,179,178,16,136,5,3,7,0,3,15,141,65.1,19
"311","Mnov_gtseq_399",16,36,1,3,1,166,147,5,256,208,184,5,155,2,2,8,0,2,8,157,68.1,8
"312","Mnov_gtseq_38",7,32,0,0,0,97,127,5,119,212,345,9,270,1,2,6,0,1,5,139,68.85,7
"313","Mnov_gtseq_43",23,42,1,0,2,203,194,4,214,183,193,10,139,1,4,5,0,3,6,169,69.8,10
"314","Mnov_gtseq_86",40,58,3,1,3,243,121,8,248,176,191,14,152,1,1,2,0,2,6,147,70.85,14
"315","Mnov_gtseq_205",28,42,3,2,3,256,157,8,273,208,156,21,124,0,3,10,1,3,8,150,72.8,21
"316","Mnov_gtseq_61",13,24,2,1,0,258,152,6,308,233,169,8,237,0,1,4,0,1,4,134,77.75,8
"317","Mnov_gtseq_341",58,56,0,0,2,161,250,15,107,142,412,20,173,1,1,3,0,1,7,179,79.4,20
"318","Mnov_gtseq_42",17,32,2,0,4,215,187,5,264,204,248,19,264,0,1,6,0,4,6,159,81.85,17
"319","Mnov_gtseq_468",17,20,2,1,0,200,87,5,249,259,329,3,311,2,1,6,0,0,7,146,82.25,7
"320","Mnov_gtseq_64",7,29,2,1,2,200,143,6,176,215,309,16,406,2,2,6,0,0,2,123,82.35,7
"321","Mnov_gtseq_211",3,15,1,0,0,47,46,2,83,148,294,7,987,0,0,3,0,2,1,102,87.05,3
"322","Mnov_gtseq_2",14,34,1,1,0,330,197,4,243,251,277,6,217,0,0,2,0,0,6,163,87.3,6
"323","Mnov_gtseq_225",56,83,0,1,3,176,231,11,165,176,442,44,323,3,1,6,0,3,10,174,95.4,44
"324","Mnov_gtseq_28",17,28,2,0,0,408,198,4,363,364,149,3,240,2,1,5,0,0,8,143,96.75,8
"325","Mnov_gtseq_413",24,62,2,0,2,279,198,18,333,283,340,12,255,2,1,10,0,2,12,132,98.35,18
"326","Mnov_gtseq_65",25,37,0,0,0,179,305,8,232,272,425,28,292,1,0,4,0,1,3,220,101.6,25
"327","Mnov_gtseq_405",65,60,1,0,1,156,176,7,222,200,478,35,478,2,0,3,0,3,10,185,104.1,35
"328","Mnov_gtseq_97",52,67,3,1,2,377,80,25,370,270,329,6,322,3,2,0,0,6,10,170,104.75,25
"329","Mnov_gtseq_72",51,84,0,1,2,452,181,12,402,330,206,30,271,4,2,5,0,4,13,258,115.4,30
"330","Mnov_gtseq_461",30,52,1,2,1,290,256,13,432,312,277,12,495,0,1,5,1,2,4,254,122,13
"331","Mnov_gtseq_513",51,60,3,3,2,462,250,7,551,359,236,28,295,3,2,6,0,4,19,262,130.15,28
"332","Mnov_gtseq_19",82,87,1,3,2,480,261,7,506,385,283,16,280,3,5,7,0,4,9,264,134.25,16
"333","Mnov_gtseq_321",34,58,2,0,0,298,259,6,438,387,366,12,566,1,2,7,0,4,8,295,137.15,12
"334","Mnov_gtseq_300",3,92,5,0,0,262,267,12,666,440,578,19,29,2,1,12,0,6,13,399,140.3,13
"335","Mnov_gtseq_289",11,27,0,1,3,361,258,4,376,371,336,18,729,3,1,8,0,3,4,308,141.1,11
"336","Mnov_gtseq_232",75,72,1,0,0,181,264,15,332,278,471,28,781,0,0,13,0,2,10,363,144.3,28
"337","Mnov_gtseq_202",33,54,1,1,0,397,363,7,494,394,406,30,833,0,3,6,0,2,5,427,172.8,30
"338","Mnov_gtseq_104",25,32,0,1,0,332,298,8,415,482,556,10,1027,0,0,3,0,1,0,303,174.65,10
"339","Mnov_gtseq_41",3,21,2,0,0,99,129,8,162,239,455,34,2266,1,1,13,0,4,1,325,188.15,13
"340","Mnov_gtseq_195",71,117,3,5,6,390,418,11,743,528,566,27,524,3,2,10,0,4,17,338,189.15,27
"341","Mnov_gtseq_57",85,59,2,0,1,188,245,26,258,231,896,87,1339,5,0,7,0,6,8,476,195.95,59
"342","Mnov_gtseq_197",57,55,1,0,2,350,378,7,380,395,638,58,1209,0,1,5,0,0,1,509,202.3,55
"343","Mnov_gtseq_160",99,129,3,1,1,443,517,15,641,504,418,51,586,4,6,7,0,10,16,603,202.7,51
"344","Mnov_gtseq_33",18,28,1,0,2,489,369,11,625,526,638,9,1236,3,1,6,0,0,7,445,220.7,11
"345","Mnov_gtseq_297",36,45,2,0,1,366,451,17,591,666,614,18,1316,4,2,4,0,4,8,521,233.3,18
"346","Mnov_gtseq_94",11,27,1,0,0,179,188,14,252,324,581,33,2695,7,1,4,0,6,5,434,238.1,14
"347","Mnov_gtseq_285",71,92,4,2,4,785,475,13,869,593,617,31,927,1,1,5,0,1,14,548,252.65,31
"348","Mnov_gtseq_140",208,338,9,3,1,368,499,41,854,577,584,88,824,6,1,14,0,9,66,664,257.7,88
"349","Mnov_gtseq_21",74,132,1,0,3,707,546,26,652,629,780,68,1127,9,4,17,0,16,19,800,280.5,68
"350","Mnov_gtseq_277",134,173,3,0,1,973,585,18,1108,805,774,28,744,1,2,6,0,7,24,517,295.15,28
"351","Mnov_gtseq_39",44,76,1,2,1,960,615,12,1168,807,806,43,1157,6,2,5,0,6,12,684,320.35,43
"352","Mnov_gtseq_83",40,52,1,2,1,1021,660,6,1185,866,888,23,1633,1,3,6,1,0,6,602,349.85,23
"353","Mnov_gtseq_284",82,106,2,3,1,994,802,14,801,866,985,47,2582,2,3,6,0,3,14,952,413.25,47
"354","Mnov_gtseq_241",226,350,5,3,6,1657,743,57,1443,1019,909,112,1272,5,2,16,0,10,54,997,444.3,112
"355","Mnov_gtseq_73",33,57,1,0,1,912,972,8,1381,1141,1202,10,3276,1,1,2,0,0,5,1024,501.35,10
"356","Mnov_gtseq_193",51,102,2,2,1,1237,942,8,1368,1238,1046,72,3054,4,4,7,1,5,16,1346,525.3,51
"357","Mnov_gtseq_90",571,762,3,2,3,4493,0,34,2,0,4376,232,0,10,7,14,1,16,80,0,530.3,10
"358","Mnov_gtseq_434",50,73,3,3,4,1183,951,17,1633,1195,1071,43,3031,2,1,10,0,9,10,1514,540.15,43
"359","Mnov_gtseq_26",158,261,6,3,3,1258,1214,23,2126,1315,1538,60,2188,1,4,12,0,8,31,1686,594.75,60
"360","Mnov_gtseq_477",46,113,2,0,1,1136,860,9,1443,1031,958,25,4841,2,4,6,0,2,20,1444,597.15,25
"361","Mnov_gtseq_541",1727,1815,104,2,8,2117,447,314,1320,936,603,96,510,78,2,47,1,134,791,913,598.25,447
"362","Mnov_gtseq_67",112,190,4,0,5,2079,1483,23,2536,2086,1566,65,3086,7,1,4,0,5,15,1950,760.85,65
"363","Mnov_gtseq_201",92,147,6,0,6,1636,1529,17,2268,1811,1856,63,4085,3,0,11,0,3,18,2123,783.7,63
"364","Mnov_gtseq_287",297,442,7,2,2,2215,1165,34,2836,1995,1552,116,4179,11,5,12,1,11,55,2660,879.85,116
"365","Mnov_gtseq_227",613,516,5,2,1,1271,1590,51,2226,1816,2528,562,6229,4,2,9,0,6,45,3755,1061.55,516
"366","Mnov_gtseq_397",203,208,1,3,1,2661,1723,27,3869,2408,2367,116,8010,5,0,6,0,7,29,3009,1232.65,116
"367","Mnov_gtseq_91",242,574,4,0,3,1996,1865,28,2927,2488,3275,254,8009,4,2,8,2,14,33,4043,1288.55,242
"368","Mnov_gtseq_268",548,894,17,3,17,3428,2923,70,5086,3488,2798,448,7153,8,9,27,1,22,92,4852,1594.2,448
